file_name,formula,space_group,value_per_atom,structural_complexity,outlier_type
2482_Ac3Mn,Ac3Mn,I4/mmm,-53.62881943695404,6.0,under_1st_percentile
4191_CeBi,CeBi,Pm-3m,-20.51942767497456,2.0,under_1st_percentile
1459_CsW,CsW,F-43m,-11.82074013651485,2.0,under_1st_percentile
3863_BaBr2,BaBr2,Fmmm,-11.34664136590266,2.7548875021634687,under_1st_percentile
2845_Sr2W,Sr2W,Fmmm,-8.575093680456437,2.7548875021634687,under_1st_percentile
3544_Ba2Sb,Ba2Sb,Fmmm,-8.07092158461461,2.7548875021634687,under_1st_percentile
56_CsMn,CsMn,P-6m2,-5.420664132459949,2.0,under_1st_percentile
2419_Ag5Al3,Ag5Al3,Amm2,-2.339860029082108,18.0,under_1st_percentile
593_Ba2Br4,Ba2Br4,I4/mcm,-2.1866423000315485,5.509775004326937,under_1st_percentile
932_BaBr2,BaBr2,I4/mmm,-2.124731627500796,2.7548875021634687,under_1st_percentile
565_BaBr2,BaBr2,I4/mmm,-2.1246359399750907,2.7548875021634687,under_1st_percentile
2073_BaBr2,BaBr2,I4/mmm,-2.124535582082067,2.7548875021634687,under_1st_percentile
2915_Ce2Br6,Ce2Br6,P6_3/m,-2.11548569156943,6.490224995673063,under_1st_percentile
3981_CsBr,CsBr,Fm-3m,-1.9532013368567016,2.0,under_1st_percentile
4195_KBr,KBr,Fm-3m,-1.9000790488547985,2.0,under_1st_percentile
2630_CsBr,CsBr,Pm-3m,-1.8905071260349693,2.0,under_1st_percentile
4392_Eu4I8,Eu4I8,P2_1/c,-1.877240265112853,19.01955000865388,under_1st_percentile
274_CsBr,CsBr,F-43m,-1.85028031224608,2.0,under_1st_percentile
3991_CeAs,CeAs,Fm-3m,-1.7374966219490622,2.0,under_1st_percentile
3016_NaBr,NaBr,Fm-3m,-1.7192765439625828,2.0,under_1st_percentile
4769_Sr2Br6,Sr2Br6,Pmmn,-1.6828241395262955,12.0,under_1st_percentile
2769_Ba2Br6,Ba2Br6,Pm-3n,-1.669242551351272,6.490224995673063,under_1st_percentile
1527_Ba2Br2,Ba2Br2,P4/nmm,-1.6453708263697826,4.0,under_1st_percentile
1445_CsI,CsI,P-6m2,-1.619871335866558,2.0,under_1st_percentile
657_CsI,CsI,P-6m2,-1.618852980774196,2.0,under_1st_percentile
3716_RbI,RbI,R-3m,-1.6018918268005236,2.0,under_1st_percentile
998_KI,KI,R-3m,-1.585206424514379,2.0,under_1st_percentile
1440_KI,KI,R-3m,-1.585149885067622,2.0,under_1st_percentile
3887_SmSb,SmSb,R-3m,-1.5775718023941758,2.0,under_1st_percentile
3038_NaBr,NaBr,Pm-3m,-1.574279165099012,2.0,under_1st_percentile
4039_NaBr,NaBr,Pm-3m,-1.5671150316488234,2.0,under_1st_percentile
3355_NaBr,NaBr,Cmmm,-1.51503601569897,2.0,under_1st_percentile
4561_BaBr,BaBr,F-43m,-1.499596806424356,2.0,under_1st_percentile
957_BaBr3,BaBr3,P4/mmm,-1.4934390696260131,6.0,under_1st_percentile
4309_SrBr,SrBr,P-6m2,-1.4833767957406825,2.0,under_1st_percentile
587_Ac4Br6,Ac4Br6,R-3c,-1.476718120044118,9.709505944546686,under_1st_percentile
262_BaBr3,BaBr3,P4/mmm,-1.4692358460725734,6.0,under_1st_percentile
3836_Ac4Br6,Ac4Br6,R-3c,-1.462273354981305,9.709505944546686,under_1st_percentile
2947_PtSm,PtSm,Pm-3m,-1.4318709282015725,2.0,under_1st_percentile
3121_YbBr,YbBr,Fm-3m,-1.4271186061040138,2.0,under_1st_percentile
3992_CaTa,CaTa,Fm-3m,2.085022014389096,2.0,over_99th_percentile
4612_IrK,IrK,Fm-3m,2.116775691776342,2.0,over_99th_percentile
2410_AgTa,AgTa,F-43m,2.1461061385795173,2.0,over_99th_percentile
1924_AuNp,AuNp,F-43m,2.1495720761711983,2.0,over_99th_percentile
1052_CuIr,CuIr,F-43m,2.1677452154660086,2.0,over_99th_percentile
481_RbW,RbW,P4/mmm,2.187420242882454,2.0,over_99th_percentile
1161_AuMo,AuMo,F-43m,2.2015380882334377,2.0,over_99th_percentile
1125_AlMo2,AlMo2,Fmmm,2.233849459482612,2.7548875021634687,over_99th_percentile
270_FeNa,FeNa,Fm-3m,2.2341407373912583,2.0,over_99th_percentile
4099_CuW,CuW,F-43m,2.2610068203752807,2.0,over_99th_percentile
2202_Cr3Sr,Cr3Sr,P4/mmm,2.343766949356529,6.0,over_99th_percentile
2643_MnW3,MnW3,Pm-3m,2.350156780098427,3.245112497836532,over_99th_percentile
2489_RbU,RbU,Fm-3m,2.376284508072093,2.0,over_99th_percentile
969_CsW,CsW,P-6m2,2.3783873322065965,2.0,over_99th_percentile
200_CsW,CsW,P-6m2,2.392753487086816,2.0,over_99th_percentile
1832_Ni4U6,Ni4U6,R-3c,2.4319144975516,9.709505944546686,over_99th_percentile
648_CrTa,CrTa,F-43m,2.4750764616864167,2.0,over_99th_percentile
241_CrTa,CrTa,F-43m,2.5070367353222007,2.0,over_99th_percentile
977_SmW,SmW,F-43m,2.654567875129585,2.0,over_99th_percentile
118_CrTa,CrTa,F-43m,2.66607583354954,2.0,over_99th_percentile
1997_BaTa2,BaTa2,P4/mmm,2.6742888561602256,2.7548875021634687,over_99th_percentile
1135_BaIr2,BaIr2,Fmmm,2.783862077291165,2.7548875021634687,over_99th_percentile
2836_CaW4,CaW4,Im-3m,2.8311244584186808,3.6096404744368114,over_99th_percentile
2131_Cr3Nb,Cr3Nb,Pm-3m,2.842053501474326,3.245112497836532,over_99th_percentile
199_Al2V,Al2V,Fmmm,3.021478292177701,2.7548875021634687,over_99th_percentile
4560_CuW3,CuW3,Pm-3m,3.1041706291605253,3.245112497836532,over_99th_percentile
1167_AgTa3,AgTa3,Pm-3m,3.130992588674295,3.245112497836532,over_99th_percentile
2435_RbTa,RbTa,Fm-3m,3.1517506112669618,2.0,over_99th_percentile
1711_Fe3Pb,Fe3Pb,Pm-3m,3.1602556276759275,3.245112497836532,over_99th_percentile
676_AgTa3,AgTa3,Pm-3m,3.185028116001336,3.245112497836532,over_99th_percentile
178_SrW2,SrW2,Fm-3m,3.2276063672278554,2.7548875021634687,over_99th_percentile
323_TaYb,TaYb,F-43m,3.229303225683664,2.0,over_99th_percentile
3459_Fe2Mo,Fe2Mo,Fmmm,3.2870273239455563,2.7548875021634687,over_99th_percentile
1964_SrW4,SrW4,Im-3m,3.29538982431248,3.6096404744368114,over_99th_percentile
4244_AgIr3,AgIr3,Pm-3m,3.4604658513367634,3.245112497836532,over_99th_percentile
4272_RbW,RbW,F-43m,3.473318277164075,2.0,over_99th_percentile
4483_Ir2Mo,Ir2Mo,Fmmm,3.5922447122469983,2.7548875021634687,over_99th_percentile
4864_K2Mo,K2Mo,Fmmm,4.81669369363701,2.7548875021634687,over_99th_percentile
1705_CaMn2,CaMn2,Fmmm,6.453217612714281,2.7548875021634687,over_99th_percentile
2346_Fe2Pt2,Fe2Pt2,P4/nmm,23.193570485481807,4.0,over_99th_percentile
