file_name,value_per_atom
8_Ge4P12,0.2086850365686645
9_Mn8Sb,0.1088367267697947
18_InSn5,-0.0004405329807042
20_Sr6Br4,-1.1928946056775946
25_Fe4Na8,1.6371448910768656
28_CeSb,-1.0332635248915611
30_In5Br,-0.1449179659511769
32_In4Br12,-0.8565492677849518
40_Al2Rh,-0.7879958682286438
46_Cr3Sr,0.7330921242841102
47_Na2Pt2,-0.0622927350794983
61_NpPd,0.0645258048743269
80_Ag4Al5,0.0050849121442403
81_Mo2As,0.430459223416058
82_Al2Sn6,0.0934787482373256
85_Ni2Sb,0.1209554596631837
99_Al2Pd2,-0.7471028637113477
109_V2Br2,-0.1510803872846198
128_As4Br2,0.1886815862388336
130_GaP,0.2827077846157659
132_Au2In4,-0.1418995868927499
135_Pt8Sn4,-0.3379489042611444
136_Cu6Pt4,-0.1196874372681321
143_Ba2Pt2,-0.4142137698980046
151_Ir2Mo4,0.2558778878110732
153_Al3V,-0.2967745434488575
158_Cu2Ge4,0.1885786881460269
162_FeAs3,0.0881821666677709
163_As3Br,0.2126619543483046
175_Fe3As,0.0166827533278075
200_CsW,2.392753487086816
201_CrPd,0.7786205625391744
203_NaPb3,-0.0546219459481367
204_Ni3Sb,-0.1361405822875303
206_Cr12W18,0.3346698123646452
207_CrRh3,-0.0699913797349944
208_PI,0.6765507848780659
213_Mn2Sn2,0.1906174282030415
214_PI,0.6761453129882056
218_Ag5Al2,-0.0047721081775178
230_Cu7Pt5,-0.1185395596556523
238_In4Pb16,0.2226825117026813
239_Pb2Sb6,0.156305874512693
240_PaBi,0.5006361656619811
243_FePb3,0.4786018239383995
248_Cu5Pt7,-0.1172246329049636
257_AcMn,0.4122934724034772
260_CuNi,1.2524800810011456
267_CrP7,0.6510238187764203
276_K5Ge,0.1171544290501849
281_YbBi,-0.1419430461440991
283_Fe3Pb,0.3868168751662972
284_Cu6Pt6,-0.0941277396963631
286_Ca3P5,-0.4401060503561709
290_W24P5,0.4316480836713108
293_Mo4Pb2,0.5902547794711998
296_Ag2Ge2,0.173659045568022
300_Ag2Ca4,-0.2481122537202737
302_CuK,0.4781945344055849
306_Na2Pt2,0.0534883309573936
317_Fe4W2,0.6376702269705253
322_Nb4V8,0.1597620642543861
323_TaYb,3.229303225683664
324_BaGa4,-0.469580045886774
339_Na2Pt,0.0049673128952048
344_Nb3W,-0.0274865342817491
352_AuP3,0.5236402867825065
354_CaCr3,0.7352797838408138
357_CeGa3,-0.2983194587045221
364_Ca2Sn,-0.4536710840000347
379_P3As,0.6037013122326167
382_AuNb2,0.0519616767212696
403_Ag3Mn,0.2277962190790639
425_CsYb,0.2133070813367397
452_AgAl2,0.0093127224340404
481_RbW,2.187420242882454
490_Cu5Ge,0.0655166744716565
499_Cu2Ga4,0.0312333231286986
500_CuGe2,0.1805051598397303
518_CaPb5,-0.1095779331682044
520_V2Br2,0.6952620889988701
524_In2Sn4,-0.0003308860237745
525_MnBr8,0.0470076085075885
526_GeP,0.3757062883912843
527_Ca3Pb,-0.2743955233667527
534_Ni2Sb2,-0.0458101554117664
545_Ba2Pd4,-0.4201277691933628
555_In2Sn4,0.0015668598982495
556_Ir4Ta2,-0.1360535071058433
563_CsNi,1.1901183413278558
574_Ag2Al,-0.0620567473526894
578_Cu5Ge4,0.1404388175606143
581_BaPd3,-0.1696675891449359
585_AuNi,0.9641375582202292
587_Ac4Br6,-1.476718120044118
588_Ag4Al4,-0.0205140921578426
597_Cu6Pt5,-0.1221253059125608
599_Ag2Na,-0.0121683720273303
600_Ni4Ta4,0.0027783047602145
606_Ni3Np,0.1401342863873935
615_Au12Sr17,-0.3497568575971653
616_Mo2Nb2,-0.0860738262660874
627_AuIr,1.8220014981525097
629_AlP,0.0679904561148392
633_Fe4V12,0.0347610532886228
636_Pd3Sb,-0.3289871844330214
640_SrW,1.9908134049990984
645_CaBr3,-1.3581370482902582
647_PtTh,-0.9985407139856556
650_Mo5P24,0.4231915241768708
651_Mo4P8,0.2062202022958482
654_Al2In4,0.1587686536238752
657_CsI,-1.618852980774196
663_Ni2Sn,-0.1294440506136401
679_GaMn2,-0.0545106711907668
687_In3Ni,0.2402447399500977
699_NbW3,-0.0676890586603047
700_BaV2,0.8428249004638602
718_AgGe5,0.2757923473918933
732_AgSn2,-0.0005459262697555
741_Cr6Ge2,-0.2224477129566402
744_V4W3,-0.0694999846588128
747_Mo3Ta,-0.1285233832042944
768_Mo8Nb16,0.217704353426722
779_As4Br2,0.4452598407995474
784_AuCr3,0.2856037948833716
788_CrTa3,0.0310400462610473
802_FePd,0.0486880392537516
807_Mo2Ta,-0.1665484888315755
808_In5Ta3,0.274984929722831
810_Cu3K,0.7647491590705378
811_NaPt,-0.1472193669535051
817_SmI3,-0.8819491333694671
818_Ga3W,0.2579364782583191
826_BaSn5,-0.2592371020090927
830_Mn4W16,0.9114480338063672
837_Mn2W2,0.151687813937281
847_Fe3Pb,0.8418246784643095
922_Ag4Al4,-0.0125733738802225
925_In5Sn,0.0071618832732151
926_Nb4Pb4,0.5735621749519426
939_In2Sn2,0.0072557806581281
954_Ga24Pt5,-0.0221923533320317
955_V3Br,0.2451158130539417
957_BaBr3,-1.4934390696260131
965_Cr3Sr,0.7469061432395261
966_Ag2Ca,-0.2523950355557402
975_GaW4,0.957071096951836
976_InNa3,-0.0468242476688618
988_W3As,0.4255188202761601
991_Ni4Rh2,0.0388150810912032
998_KI,-1.585206424514379
999_K3Na,0.01417873513989
1001_Ge2Br,-0.0034931880682318
1004_Ag2Al,-0.0620548805392004
1005_Cu2Ge2,0.1451743152793989
1008_NpU,0.0077134329019052
1016_FePt,0.1046782928175824
1018_AlPd3,-0.5908285954344459
1024_Fe4Ga2,0.0881069186662758
1030_CrNb2,0.1022690800026554
1031_BaFe2,0.877546727959088
1033_Ir2Mn2,-0.0092013547958025
1034_Cr3W,0.070083144452175
1035_K2Sn,-0.0105444293062548
1046_Mo2W,-0.0029383677656393
1047_K2Na4,0.0428438262803355
1062_MoP,-0.0433567812069348
1066_Ag2Na4,-0.0624964469345152
1074_NiSn2,-0.0607263927219516
1077_AgTa7,0.265534970245266
1086_Al2Rh,-0.7934654617387066
1093_BaTa3,0.5966542786171853
1095_Cr4Ta6,0.2239742892993831
1102_MoSr2,0.9492812964603784
1107_Pb3V,0.414796380719622
1111_Ag7Al5,-0.0374998018127884
1120_Al6Pb18,0.1724440600109176
1129_Al2Pb4,0.2678257974993154
1131_Cu8Ge,-0.0100629725513914
1145_Ba2Ir4,-0.006348404294106
1152_K2P2,-0.4163686881296446
1160_Fe3As,0.1806419260128855
1164_Ba4Cu2,0.0391115110717175
1176_Mo2W2,-0.0002653883724654
1202_PdTa4,0.7824558231776578
1210_In2Ge2,0.1434853874473254
1212_Ir4Ta2,-0.1304702171536978
1218_Ba4Cu8,0.2957104055890719
1227_Mn2W6,0.1105672566669202
1228_Mn2V2,0.0580102388124679
1229_Nb2V6,0.1581114690204579
1232_Pt7Sb,-0.1560119826484634
1233_Ba2Ga2,-0.0618128052502804
1235_FePb,0.8299400887561053
1238_Cr2Ta2,0.0607414872424509
1239_Ba2Sn2,-0.6111419105514235
1250_Ag2Mn,0.2204605998716194
1252_Cr16Nb4,0.5503360172435151
1255_Ga4W,0.5111326559478918
1263_Ni2P4,0.0238628367824442
1269_PdSn3,-0.2541301370193132
1270_Cu2Sn2,0.0571521049419954
1278_CrNb3,0.2586689314898542
1283_CaNi5,-0.1108199941880911
1284_Cr4Nb4,0.3977030851031742
1295_Pt3Sb,-0.1219302696641104
1297_RhU,0.4548304180968863
1306_Na6Pb2,-0.1263341472736097
1307_Fe26Pd2,0.3245601126779028
1310_Ag4Mn2,0.5553655597303203
1315_P7As,0.7665221907047712
1379_Cu18As6,-0.0680231611870526
1382_In2Mn4,1.087186877735301
1401_Ir2Na2,0.2327297864083446
1409_Cu5Br,0.2437103675173967
1410_K2Na,0.0087589688820123
1428_InV,0.4022346652563175
1429_Ga3Br,-0.0668485881833467
1436_AlFe,-0.2410192208620589
1443_Pd4Ge2,-0.003291648050693
1458_CsYb,0.7037468588154681
1462_P4Br8,0.1761227743372254
1465_BaAs,-0.8242589244395955
1483_Fe2Pb4,0.655256511776629
1489_Ge2P2,0.1221786004450189
1499_Fe6Sb2,0.3131206590505275
1511_V2W,0.1508598416056431
1523_Ga2Br6,-0.4421051503954034
1525_CsYb,0.6718211478979981
1531_AuCu3,-0.0241945328699291
1536_Ta5V,0.0288458920268771
1542_BaAs8,0.1090165162356824
1545_Ca4In,-0.0793600515693867
1546_Mo2Pb4,0.5704802408949945
1558_AuPb,-0.0561221939407761
1559_Cu6Pt5,-0.1148469734807642
1570_Ge4As2,0.2483039054601121
1571_Ca2Rh4,-0.1264421561850426
1599_Eu3Sm,-0.1120561147407701
1613_P12As17,0.3327069785419281
1616_Al2K2,0.2424803932814523
1622_Fe44Mo2,0.2251934174866468
1629_PtYb,-0.9133928122090472
1630_BaIr,1.1244898747305545
1643_Ca3Ni,0.2530239250171147
1650_Eu3As,-0.6824294872306971
1651_GaMn2,1.015550691138292
1653_AlNb,-0.1917684673515287
1658_Ni17Br12,0.3165058734830896
1660_V6W2,0.1271767347920729
1668_Ba6As2,-0.3480596932121238
1675_AgBr2,-0.1491938272423508
1682_AcNb,1.5026302900040678
1683_WSb3,0.990997905753166
1701_Na5Pt,0.1710178720096715
1707_Pd2Sn,-0.4766293163031274
1710_MnV2,-0.22532081361564
1717_Au4Ga,0.0781698024577743
1719_Al3Ga,0.0275824749523612
1720_FeIr3,0.5584776160701406
1736_CrSr3,0.3991310186583723
1738_IrV,-0.4972864209587264
1744_Na2Pt2,0.0178433983610966
1748_Ag4Al3,-0.0356463121095568
1756_FePb3,0.9449279199060578
1820_In2Br4,-0.649103872879229
1821_MnRh,-0.1924736817812853
1824_Cu3Ga,-0.0800573082827607
1831_Fe2Ga2,-0.0316817679816612
1836_Mo2W2,0.4529627299555354
1842_AcAl3,-0.0211706250433376
1852_MnW,0.147210544305592
1854_Ag5Al4,-0.0289825661094569
1862_GaMn2,0.0749574779848624
1866_NiPa,0.4430243120613264
1877_CuTh,0.1765057819602988
1879_Al2Rh,-0.7826644855886933
1882_AlNb2,-0.1454841621484703
1883_Cu4Ge2,0.1403253897507686
1886_CrSr2,0.5302048832881928
1897_Cr5Nb,0.0850460954363327
1900_CuK,0.5618755958170236
1906_InV,0.3485211857579378
1908_CuGe3,0.2343947773578127
1913_CrSn2,0.2617738281861198
1915_K2Sn4,-0.1488476600167298
1917_FePt,0.1044084665960856
1919_NiSb3,0.438097995862682
1926_BaAs4,-0.2218057127435329
1928_K2Na2,0.0232163659383157
1934_BaV5,0.4324695998630012
1936_WP3,0.3893691915278054
1937_Fe8Pb4,1.127174672553231
1941_Nb3P4,-0.7612680442137554
1942_Pd4Ta26,0.0798275323361679
1946_CrP,-0.2154551302781184
1951_Ag4Na2,0.0165116819565905
1953_Mo16Nb8,0.3950892874479035
1954_AgP3,0.6993426805573235
1960_AlRh2,-0.6427034311591117
1962_K2As2,-0.1601061421490177
1982_Fe2V4,-0.1378910599604251
1985_In4Br2,-0.3372741578598444
1986_SrI,-1.1425274083601475
1989_Ba8P,-0.1316894719354589
1995_CuSn,0.3544542623870392
1998_Cu5Pt5,-0.1249004932685046
2004_AsBr3,0.5071995218617864
2005_Fe26Mo2,0.4051483533428351
2010_Cr4Rh8,-0.0874482718645239
2013_MoV4,0.5719330538235908
2016_Ba2Ge2,-0.242087032344104
2018_Au2Mn2,0.0127753186422383
2020_AlPd2,-0.0943717988913158
2023_Mn4Mo5,0.160447881363546
2026_Sr8Bi6,-0.9292699023510173
2034_Fe3Ga4,0.078311859130354
2038_Nb10Ge6,-0.5620901117693196
2039_IrP2,-0.3584518601264636
2043_BaIr2,1.7508225033464004
2049_Ba4Ir2,1.2092215221026048
2052_InNp,0.8057627772406146
2056_Pd4Rh5,0.0900570939895841
2062_WP3,0.3904898621671568
2064_Cr3Br2,0.6807631171727635
2068_Ba2Ir,-0.0891605456993988
2070_In5Sn,-0.0015679249820171
2072_Ga2Br2,-0.5777253611313591
2073_BaBr2,-2.124535582082067
2074_Ca2In2,-0.458801559172195
2075_Ir2Mn2,-0.0091856610615099
2088_Nb4Pb2,0.2068769972852896
2092_K2Ge4,0.2058314233855368
2098_Ce20Ir16,-0.539478361802414
2102_BaCu3,0.2453032477954502
2105_Ag8Ta4,1.3870426358454473
2114_Ag8P16,0.5141729398957775
2120_Mo2Sr2,0.5498863203754158
2125_AgSn4,0.2672076135465829
2129_P3As,0.7466427268971589
2132_P5As,0.7834809435520972
2134_Mn3W,0.1922058763221663
2139_Fe3Ir,-0.0482504948414277
2142_K8P4,-0.0844143124140514
2147_WAs3,0.23299682616069
2150_MnW,0.9855550840613176
2157_InSn2,0.0148086213463241
2164_MoSr3,0.8728761706255601
2170_Al3Ta,-0.1025082671477601
2174_Au3Cr,0.0820446152069775
2175_AgBr,-0.2694783941406529
2176_Ag3Sn,0.0184298694863218
2179_Mn2V,-0.0706521015275285
2185_Pb3Sb,0.0527710928808438
2187_Fe26Pd2,0.3374554965266674
2193_AcSb,-1.3729502658314
2194_Ba2Sn4,-0.4998577665251904
2199_Al2Ta4,0.5322056089761146
2205_GaMn5,-0.0046963599806891
2216_Ga2As2,0.2016376448000651
2220_NaPb,-0.1356066752964104
2259_Cr4Nb2,0.2767052758592463
2279_IrNa3,0.3875730521386757
2295_Ag2Al4,0.2396434909959482
2303_Fe5Ga4,-0.0626809731139369
2309_AgAl,-0.0019810858099353
2319_Cr2Rh2,0.0220272874187692
2322_Ag2Na4,-0.0503517501025424
2331_Ba2Cu,0.0283396572121373
2336_KNa3,0.0129009296420767
2346_Fe2Pt2,23.193570485481807
2360_Ir4Na2,0.7113253348531856
2362_AcPa,1.07463545249223
2365_PdW3,0.0769891150981809
2366_Cu7Pt5,-0.1224453568417445
2370_Pd2W,-0.0741564389783917
2388_CaP,-0.8147897059473337
2390_VBr3,0.285611698004943
2391_Pb2V4,0.4200073863920721
2392_AgP,0.5370522972454537
2395_Nb2Pt2,-0.6457328310843167
2397_Ba5V,0.532105161076012
2403_Mo4W2,-0.0009316232710124
2407_Na4Pt2,0.243680765189211
2413_Cu2Ge4,0.1874929360863107
2415_Ir3Ta,-0.3949713315041503
2421_Ag4Al2,0.1584953971325919
2423_Al3Sn5,0.1306375382299589
2426_Sn2W2,0.3048238265149621
2434_PtAs3,0.2011017476524212
2437_Na2Pt2,-0.0138098961311601
2439_Mo2W,-0.0033045165627877
2456_SrTh,0.347384581365417
2464_Ir3V,-0.0227992056291768
2469_AlCs3,0.3680687156468609
2482_Ac3Mn,-53.62881943695404
2489_RbU,2.376284508072093
2495_Au2In4,-0.1523262669381715
2496_Al2Sn4,0.1387351463467692
2498_Au4Nb2,-0.0576491557010866
2503_Sn4W2,0.7151859784880076
2504_Cr2As2,0.00771246407571
2507_AuP2,-0.067117053672824
2515_Ni2As2,-0.1077266675684649
2524_K5Ni,0.4523238413744102
2528_Ag6Al5,-0.0311545684498917
2530_Ni4Rh2,0.1190964767898267
2534_Ag3Ni,0.1945696901642204
2548_K4As5,-0.1427758941465594
2552_InNp,0.1183557985364016
2554_InNa2,-0.0224446052402965
2557_RbSr,0.1202435620066513
2560_FeV,0.1287259691374238
2564_In2I2,-0.5589380872856298
2566_MnV,0.0886847109767376
2572_Ba3Rh,0.2455132468116114
2573_Cr4Nb16,0.7301185064127622
2574_Cr6Ta2,0.052600936998294
2585_Ag4Br2,0.0107206331644696
2590_NaPb4,0.224980428430975
2592_Cu8Sn4,0.0782940927330499
2596_FeV3,-0.1430951792579371
2607_In2Sn,0.0116156002191824
2609_Au12Nb12,0.0229785255657984
2611_FeIr8,0.0056338130923955
2612_Au2Nb4,0.0545237198894454
2618_Al6In2,0.1591287652795423
2623_K2P,-0.0898814432304263
2634_CuK4,0.2296230775695573
2645_KP3,0.0362569796913732
2646_Al2Cu,-0.0699907180162859
2647_KP3,0.0464841365445432
2651_Ag3V,0.339459105536597
2732_Ba2Cu6,-0.0339271808305898
2734_Al6Sr2,-0.1886478219166454
2737_Al6Rb2,0.1995774915215715
2739_As4Br2,-0.1734847560270319
2742_CsIr,1.5664573299213995
2743_Al5Sb,0.1278443781347231
2751_Ga2P2,-0.0559402271293123
2753_IrTa3,-0.314894706077121
2759_P2As6,0.278215754448178
2764_IrNb,0.0903267090833637
2766_K2Pd,0.129418521939176
2768_Ga2Pt,-0.2988789514579319
2774_Ca2Cu2,-0.159069105587382
2775_Au5Sb,0.1474496383974006
2777_Ga3Rh,-0.1772789533942713
2784_Ga2Rh,-0.3544554391462562
2785_In10Mn6,0.2701433455977424
2786_AlPd,-0.8944008535151085
2789_PtBi,-0.1674619481740151
2792_AlNi5,-0.2226364434127994
2800_AlNi3,-0.4061829382830826
2805_Pb8As4,0.0584784500907259
2806_K5P4,0.2907193213798378
2807_Al2Na,0.0959789052882354
2812_PaSb3,-0.6304449468362288
2818_SbP3,0.2787830215630311
2819_Sn2Ta,0.0501756129162392
2822_AuCu3,1.091933621721732
2825_Pt2Rh2,-0.0205890368021455
2833_Nb2As2,-0.2267729929139426
2834_Sn2W2,0.380831521925705
2846_Mo2Sr2,0.6730201296964244
2852_Al3Th,-0.0522207345958483
2866_Mn4Ta2,-0.023585609806472
2871_Fe6Ga2,-0.1224709915662174
2874_AuNi,0.4615220181329094
2875_FeV5,-0.0874449707715629
2878_Al2Ni4,-0.4666516932421451
2879_Ca6Nb2,0.6537715933229715
2883_Pd2W2,0.2024888479961362
2898_Ga2Mn4,0.2055565894426033
2900_Mn4Ta3,0.0413758628793833
2908_Pd2W2,0.1123978174485955
2909_SrI,-1.0702574194153711
2916_MoRh2,0.0380025121836678
2917_Au16Sn4,0.0582444988574188
2923_Ga3Pb,0.0530431986566251
2928_CsCu,0.4399689430103484
2930_Mn3Nb,0.0610968797625979
2946_Ga3Th,-0.5055789219036146
2957_Sm3W,0.0631950852148808
2963_AuSb,-0.0501351230650959
2976_K16Sn8,-0.1665311182987367
2978_Mo2P4,-0.3509871447025444
2986_Al2Ba,0.0014112876626869
2988_Sr6Br18,-1.5763172728936563
2990_MoSn4,0.1971744835279807
2991_Al4Pd4,-0.7855255843605562
2992_Mn2W,0.2009777584899078
2996_RbSm,1.5119832722711608
2997_NaRh,0.7276111557127489
3001_Cu8Ta4,0.1459014699692117
3002_Ir2Rh2,-0.0085060714919453
3007_Ca2Cu4,0.1830056481666944
3011_IrTa5,-0.2895005288566518
3012_Sr3Sb,-0.5052053612735352
3023_Ca4Sb2,-0.5586557175776031
3024_Mo2Rh2,-0.0590279724766471
3030_PdP3,0.298335614350143
3031_Ir2Ta,-0.4511854485078939
3032_Ag2Nb4,0.2099083340294889
3038_NaBr,-1.574279165099012
3042_In2Sn2,0.024598304626076
3043_RhTa,0.6853395561039957
3046_Al2Fe2,-0.1400259878698495
3069_Fe2Na2,0.4438350170722662
3086_K4Sn16,-0.0769619674630533
3088_Rh4As12,-0.4381732386554331
3093_AlBa3,-0.0289368508473417
3094_In2Ni,0.018092876315561
3098_AlSn3,0.1044766819611391
3112_Na8Pd4,-0.0135115662789999
3114_Ag2Ge2,0.1973839765043421
3118_Mo4Ge8,-0.387930767527448
3121_YbBr,-1.4271186061040138
3128_NiGe2,0.0688872912331408
3132_Ca3Ga,-0.0609181530119942
3150_IrRh,0.0007016676852913
3153_Au2Br,0.2733392144560372
3157_Rh6W4,-0.0594009968145442
3162_PBr,0.722297972837521
3166_Al2Mn,0.2455892362076242
3168_Ga10Mn4,-0.1219104476741017
3169_RbSm,1.509341299483286
3191_Au24Br5,0.1994016806252971
3193_Ni4Sr,0.3530060754889405
3195_CeV,0.6211147799052004
3196_FePd,1.0223786888127373
3197_Cu4W8,1.2660410542214962
3203_InSb2,0.172704249641176
3204_Al2Cu,-0.2369830017517777
3206_InNb,0.2792113996294327
3207_Na2P2,-0.3693177276301007
3209_PtRh3,-0.0067502684002151
3213_AgEu,-0.4924128376574583
3226_MoRh,-0.1753282368478412
3232_Al5Pt,-0.2573612978127588
3234_AlP,-0.3675687588258789
3243_AuMn,0.1939194425575365
3245_Ba4W4,1.0878871809741997
3246_Al3Rh,-0.4172590044019131
3249_Ni2Rh4,0.0462443337260178
3255_MoRh,-0.178031266937797
3271_Pt2Sb2,-0.3033767802065705
3286_AuEu,-0.945224780753796
3290_Cu4Ga5,0.0654526913839102
3291_RhSr8,0.0602316093634118
3293_Na4Pd2,0.0142338250281968
3294_Al4Mo2,0.0716738620601376
3296_RhYb,-0.5889667665039164
3298_AlCe,-0.3025139623470183
3305_Cu4Fe,0.1124787343126072
3310_KAs,-0.1738326167191761
3317_Fe2Nb6,-0.0258574124033366
3332_Nb4Br,0.819528878927396
3333_Al3Pt5,-0.915859397452909
3335_FeMo3,0.1101955142401873
3346_SnSb3,0.1632144741154624
3347_CuIn5,0.3415053973082337
3360_AgRb,0.0660429941993814
3361_Ca16W4,1.0830365109750342
3365_Al2U2,1.3398043001924131
3369_In2Pt,-0.4998269741034047
3373_MoTa3,-0.1069536017678007
3385_NiW,0.1530420215647172
3386_Ag5P,0.3444536904378221
3388_Pt2Br4,-0.1790273019413776
3393_Ag2Cu,0.0761581397430024
3400_BaRh3,0.2943309062598329
3404_Fe3Mn,0.066990186712136
3406_Fe2Sb4,0.1960877187219457
3423_SnP,0.134815296805475
3426_NiPb3,0.3375171003002992
3428_Fe4Ni,0.5846093848012615
3432_Ba4Br8,-2.3961927963342133
3435_NbBr3,-0.3850672075571144
3446_Au3K,-0.0419299927417968
3451_MoSr,1.4736654169528158
3452_Ag2Au2,0.0062231319415904
3456_Au8Na4,0.3405145718810456
3462_Mo2W,-0.0056973814252998
3468_Ni4Pd8,0.0685609689016277
3470_Ba3Pt,-0.0461319682219438
3471_Al2Sb,0.3893018647743063
3473_CrU,0.6061157164975111
3477_AlYb3,-0.1302088707657951
3493_Rh3Sb,-0.0427092390285475
3506_Ag3Pt9,0.0237166277832881
3507_Pb6As2,0.1701053573248594
3510_AgMn2,0.3680142390347581
3518_Mn23Sm6,-0.0307691676262185
3523_AlRh4,0.1490114095620938
3527_AgBa,-0.0329036478309925
3531_Ga3Sr,-0.1438987980865582
3535_Ir4Ta12,-0.1931485683947595
3541_Ca2Ga,-0.1370402405445349
3543_Al4Pt2,-0.6948453370551823
3546_GaRh3,-0.2569407674469
3547_Rh4Sr2,0.1572920891605817
3553_NbSr3,0.7270039404560236
3557_BaP,-0.6508185873227221
3565_CuK7,0.2138562995320674
3571_Fe5Mn,0.0476466478093809
3574_P3Br,1.0780590886319557
3577_EuMn,0.6012495285623629
3581_Ba3Sr,0.0026527436349885
3582_Pd2Rh2,0.1426459089233844
3587_AuSb3,0.2293286939166487
3589_AlSb,0.2165434108700332
3591_NaBr5,-0.4681310095885373
3598_Pb3V,0.4395690890623331
3601_Cu3Ge,0.0652571573942939
3609_Fe4Pd8,-0.0967366215483439
3613_Au4V2,0.0171157944692872
3618_Cu2V,0.0882831066899108
3619_EuI,-1.3552092755245704
3626_Nb2Sr2,0.8231238151646618
3628_CuPb5,0.1710939179905928
3629_Na2Sn2,-0.2116591017251918
3633_Ta4Sb8,0.2600121913022366
3640_Fe3P,-0.1983662193815236
3643_VGe3,0.1074684072566141
3646_Mo2Na2,0.5780009365550232
3650_Au2Ta,0.3603856372156286
3654_EuPt,-0.9597524333356082
3661_MoI,1.3718957778972358
3686_Fe2Sr6,0.615835199672778
3691_BaRh2,0.1387420418890942
3696_Cr2Sb2,-0.0563094461679325
3700_MoNb2,-0.0994430610731148
3715_SbGe2,0.2898463893914892
3719_Au3Fe4,0.1105281714746949
3721_BaPb3,-0.1589663600065693
3725_Ga3Sr,-0.2500555671844617
3726_FeNi,-0.0363000949573359
3729_Ni8Pt4,-0.0452248635459563
3738_Ag2Nb2,0.2586238279425172
3742_Al3K,0.1977556432354683
3744_FeI,0.5974285370116457
3752_Al42Pd16,-0.5514900207285938
3753_Pb3Sr,-0.3053776900756442
3757_Cr2Bi2,0.7851509186435619
3759_NiRh5,0.0241607385453797
3780_AgBa,-0.2376321169705488
3782_Ga6Sb2,0.2322455614496541
3788_Cu12Pb12,0.2586636069044156
3792_Cu2W,0.7723792866705873
3793_NiPt3,-0.0873784347052497
3795_Ca3Ga,-0.0297621651322841
3799_Ga2Ta6,-0.0167889698066012
3802_NaBr5,-0.4678710658109493
3804_InNb2,0.0286794322683559
3808_In3W,0.5152056352826531
3809_Ni2Sr2,0.4626434563326298
3825_Ag2Nb4,0.2471166870868621
3827_Al2Pt2,-0.8915417961538017
3835_Fe2Br2,0.555203703580994
3842_MnP,-0.3775156260053043
3843_Ir4Ta6,-0.344838574125113
3851_P12Br12,0.0127132869675463
3859_Ir3W,-0.2315256492044497
3872_P3Br,0.8758684315881653
3873_Cu2Ga2,-0.0164941734962384
3877_Cu4Pd6,-0.0477099033245785
3885_BaGe8,0.0751645538209276
3917_NbV2,0.0458614302778042
3921_Sb3Ge,0.2677004968112384
3924_Al2Fe4,0.0479176586642762
3984_Mo3Sn,0.2320871808682163
3991_CeAs,-1.7374966219490622
3997_Mn3Ta,0.0642209454664826
3999_GaAs3,0.3380044080014444
4000_MnTa2,0.0306398640400852
4002_NiAs,-0.3012501129468337
4009_Ag2Ba2,-0.2761736007103255
4010_Fe3Ta,-0.1127685116032299
4013_MoRh2,-0.1614324447944059
4015_Ta5Sb4,0.0942704375860425
4020_Pt2V4,-0.1754896770449102
4027_Na2Sr2,0.1054436255100468
4029_VW5,0.4316567842693999
4031_Mn4P2,-0.0374880990532998
4033_Ni3Yb,-0.0804497372718122
4040_Na3V,0.63313957064004
4041_Pt5V,0.0882913873411747
4043_AlBa5,-0.0042544079372278
4050_Au3Ni,0.0700246573522385
4053_Mo18V6,0.2154315725919993
4058_SrAs,-0.862153859829148
4062_Cu4In16,0.1786766166937521
4064_In5Mo,0.2891137401028671
4068_Ni4Ge5,0.1658968720271679
4070_Mn2Sb2,0.2133661323603402
4073_Cu24In5,0.0511636891329517
4074_K2Mo2,1.1300388461502564
4079_Al2As,0.2365133531478314
4082_Mo3W,0.4366388836053136
4084_Ta2Sb4,0.0578058763603053
4089_Al3Mo,-0.1944689772432752
4092_Au6Pb10,-0.0606662388242571
4095_Ir2Pb2,0.3368817978345504
4099_CuW,2.2610068203752807
4100_Pt4V8,-0.2722998168753759
4102_Fe2Mo2,0.1543280102061235
4107_Mn3W5,0.1556870506274474
4108_CuIn,0.2413165592473523
4113_Cu2Mo2,0.2552253731582725
4135_Sm3W,0.0611845420881635
4139_Ag4Ba8,-0.1623410645895558
4141_Ga8Pb,0.0497634616121622
4144_AuSb3,0.7712758898898024
4145_Nb2As2,-0.4643435125399362
4147_AgSn,0.0310844222511628
4152_MoP5,0.2074013164390062
4155_CaK,0.4978925186275535
4156_Fe2Ga2,-0.0016789232952305
4162_TaSb3,0.1410275166388412
4167_Mn3Ta,0.0919242943004228
4172_Al5Mn24,-0.1477738051154592
4179_Rh4W2,0.1744026382173255
4182_TaV,0.3810899222485702
4185_Au4V16,0.4755917777020059
4187_Na4Pb2,-0.1531713600703626
4189_Ag2Mo2,0.5144999072780223
4193_K6Pd2,0.0987713269920638
4199_Sm4Sb8,-1.2011228798766862
4201_NpSm,0.2745112966388436
4202_V2Br2,0.2049389206913092
4203_V4As2,-0.3354524045812148
4206_PbSb3,0.2203488826656587
4208_Sb8P4,0.2323574671258956
4211_AgSr3,-0.1333091971026072
4218_PbP3,0.5421844827604634
4219_CeU,1.1508078708582277
4222_Ag4Na2,0.0165116819565905
4232_Fe2Bi6,0.3530065572768315
4249_AuRh,0.2785169400110483
4252_AlCu3,-0.1649203732823112
4258_Al5Ni,-0.1007123025640458
4261_Mo4W16,0.9989554266022864
4268_In4W8,0.5404186690897484
4269_AuNi2,0.1135973976274199
4271_MnBr2,-0.985413620866448
4274_Fe8W4,1.27481575434075
4279_Fe4W2,-0.0117364097206985
4280_Al10Ta20,-0.0910167770230183
4285_In2Mn,0.2163870694935195
4287_Ba4W2,1.4642914263667777
4289_K32Ge32,-0.2314262604501489
4295_AuAs5,0.4915406082243644
4304_Mn2Rh2,1.0151847718994276
4310_Ca2Mo2,0.4960835738562963
4312_CeSm,0.2714352747135438
4317_Ag4Nb2,0.2673313436111317
4320_TaSb3,0.4794987944840185
4323_Au4Na2,-0.3609220344025997
4329_Na5Pb,-0.0854004033022069
4334_CuSb3,0.2871325776202331
4335_Fe3K,1.8156021498517223
4337_Al12As17,0.0631815920846978
4338_VP3,0.3957803432569173
4342_InSn,-0.0829382529904796
4345_MoP3,0.3445089633266329
4350_Au2Ni2,0.1379700411721982
4354_Fe3Bi,0.3277642144979555
4360_Mn4W2,0.2035748244125805
4364_Al3Ni,-0.2242332681677492
4382_Ba3Ga5,-0.1704261584929725
4383_V18W6,0.1444451908513369
4395_In3Mn,0.2284877334658102
4409_Au2Br,0.2718252220490837
4410_CeCu5,-0.1502946904905435
4414_MoW2,-0.0054168026914638
4415_Fe3Br,0.8483269798622297
4423_Al2Pt2,-0.9410388965392072
4424_Ni3P,-0.3095052203257662
4433_BaIn3,-0.2974247195844026
4440_Fe3Pd,0.0872960532260496
4444_Al4Ba3,0.0292033668084903
4445_Ca4Nb,0.7438121018970222
4453_Au3Sn,-0.0548105807840317
4462_Al3Pb,0.2750512699404068
4463_Mo6W2,0.4508075929566892
4466_Ag5Pt6,0.0378372249416071
4467_Ba4Fe2,0.9680279891977884
4468_PdSn2,-0.3196629277584938
4485_Na3Rh,0.3291477045577302
4489_EuNi,-0.0301608271115529
4493_Na4Pd2,-0.0597792815661713
4495_AgSn2,-0.0007098658300653
4501_AlSb2,0.1450680860912729
4507_AcV3,0.9571918969526044
4512_Au4V,0.5053051396209789
4514_Al3Sn,0.1452120532474441
4517_Rh3Sb,0.0382249713464721
4528_In16Sn4,0.0889102016768188
4530_RhSb,-0.137426643434642
4532_Rh3Ge,-0.1988314155642134
4534_K5Sr24,0.1030625836751013
4537_Al2Fe4,-0.2272930246471259
4539_Fe2Na6,0.6521293141597573
4553_InMo2,0.1640907388659277
4557_SnBr3,-0.2861192229211466
4559_Al3Ba,-0.0382474331130611
4566_PdYb,-0.6517078910153504
4569_Pb4P2,0.0598117949566413
4575_Cu8P4,0.0429996810381183
4577_In2Pt,-0.491304117124633
4582_Pt4V12,-0.1642023230585536
4591_Mo2Sn,0.1088356497885385
4595_MnW3,0.3836572048518096
4609_Ni2P2,-0.2444295353290506
4611_Sn3V,0.3710273258378747
4613_In3Mo5,0.3843984287084891
4617_PbGe2,0.3009133831301203
4621_NaP3,0.1460175172211837
4623_AgGa5,0.0301596591030233
4624_Sn4W2,0.1627192610009006
4625_Ba4P,-0.3524857490659137
4627_Cu2Mn2,0.3182716405481285
4634_Cu16Ir8,0.4219933363345654
4635_Fe6Ta4,-0.0447040189155075
4637_Na4P,0.2007152095016753
4640_Fe4As2,0.288011546750063
4703_Sr4Br2,-0.8965013603840285
4710_Mn2V2,-0.1878639363857122
4714_MoNp,0.5651364072757925
4725_TaP5,0.3120509520027319
4730_Au3Ba5,-0.440568201391275
4732_MoSn4,0.1970626607332569
4740_Mn2Na4,0.5916767438931417
4741_Ni2Ge4,-0.1418782318798713
4750_Al2Pd6,-0.3512329465345525
4751_Mn4W2,0.1197822458971262
4755_AuAs3,0.3577655840683733
4756_K2Sn2,-0.0014499690382616
4759_Au4Ni8,0.1137680593830878
4762_Fe3Sb,0.4414744564171062
4765_Mo3W,0.4530177667841109
4768_Pb6P2,0.2162553450890172
4770_Cu8Ta4,1.1517740039267264
4771_EuSb,-0.9332170063572685
4776_Ni2Ge6,0.0800920653913639
4791_NaP3,0.076200731217769
4794_EuNi,-0.0364610876192079
4801_Ir2Rh4,0.3085144192754955
4804_Ca2P,-0.7301065161364099
4810_CeNi3,-0.0086891208885537
4818_AgW2,0.6495468493854482
4819_NaSr,0.0196509155200732
4821_Ag3Nb3,0.2345844547757055
4823_CuSb3,0.3994996801531401
4830_Fe2As,0.0120831969950868
4846_Al3Mn,-0.1379675077832951
4847_Nb10Ni6,-0.0928714235969963
4854_Ag4Pt7,0.0311257725487666
4862_FeGe,0.0022779541582638
4865_Ag2Ga,-0.0137227884469162
4866_Pt2V2,-0.4276564521482502
4870_AlV,0.4851956900377718
4880_AlBa3,0.0921476397973015
4883_Mo6Rh2,0.0748557648128329
4886_Al2Br2,-0.2130247291300895
4887_CsCu,0.4629642665639557
4888_Pt4Rb16,0.1918663905530667
4889_Au12Sb4,0.0309741185759158
4890_Ga4Nb6,-0.1469157667423914
4897_CaSn,-0.6047923086631299
4905_Cu4K16,0.388446705850454
4906_Rh6Sb4,-0.0479862950624436
4914_Fe2As,0.011960028974741
4917_In2Pd2,-0.4115068745040471
4922_NbAs3,0.1966417168765444
4943_InK,0.0734591574714023
4945_Al3Br,0.273000563654906
4954_Ni2V4,-0.0308948681763017
4958_Ba2Ge2,-0.1778758672158011
4961_IrNa3,0.3740963947163251
4978_Sn3Br,-0.1491318265327392
4988_FeYb3,0.337279709129779
4990_Au2Nb4,0.0519236670651916
4995_Au2Sb2,-0.0255928153431068
5000_Ga5Sr,-0.1824981728377247
