formula,space_group,count,median,median_cif_name,other_cif_names
VBr3,P4/mmm,6,-0.13323208353772095,3538_VBr3.cif,0111_VBr3.cif;1383_VBr3.cif;2066_VBr3.cif;2389_VBr3.cif;3880_VBr3.cif
AgSn,P4/mmm,5,0.0409468929222187,0312_AgSn.cif,0184_AgSn.cif;2549_AgSn.cif;3811_AgSn.cif;4146_AgSn.cif
Cr3W,P4/mmm,5,0.070083144452175,1033_Cr3W.cif,0104_Cr3W.cif;1009_Cr3W.cif;2325_Cr3W.cif;2371_Cr3W.cif
Cu7Pt5,P1,5,-0.1193349788810517,0703_Cu7Pt5.cif,0229_Cu7Pt5.cif;1047_Cu7Pt5.cif;2365_Cu7Pt5.cif;2518_Cu7Pt5.cif
K2As2,P4/nmm,5,-0.160004924188351,0258_K2As2.cif,0619_K2As2.cif;0764_K2As2.cif;1707_K2As2.cif;1961_K2As2.cif
Na2Pt2,P4/nmm,5,0.0208329909888398,1660_Na2Pt2.cif,0305_Na2Pt2.cif;1743_Na2Pt2.cif;2125_Na2Pt2.cif;3717_Na2Pt2.cif
NbV2,I4/mmm,5,0.0426626753663737,2552_NbV2.cif,2162_NbV2.cif;2501_NbV2.cif;3916_NbV2.cif;4365_NbV2.cif
SnP,Fm-3m,5,-0.0947907314231715,2088_SnP.cif,1836_SnP.cif;1837_SnP.cif;2079_SnP.cif;2324_SnP.cif
Ag2Sn,I4/mmm,4,-0.0050425799259743,0800_Ag2Sn.cif,0982_Ag2Sn.cif;1575_Ag2Sn.cif;3793_Ag2Sn.cif
AgAl2,I4/mmm,4,0.0274018776236054,2035_AgAl2.cif,0451_AgAl2.cif;0625_AgAl2.cif;2295_AgAl2.cif
Ba2Cu,I4/mmm,4,0.02605832778841495,2569_Ba2Cu.cif,0333_Ba2Cu.cif;2330_Ba2Cu.cif;2604_Ba2Cu.cif
Cr2As2,P4/nmm,4,0.007737778566663651,1871_Cr2As2.cif,2503_Cr2As2.cif;2615_Cr2As2.cif;2621_Cr2As2.cif
Cr3Sr,P4/mmm,4,0.7399991337618181,0045_Cr3Sr.cif,0354_Cr3Sr.cif;0964_Cr3Sr.cif;2201_Cr3Sr.cif
CrNb,Pm-3m,4,0.0423850972852033,1724_CrNb.cif,0634_CrNb.cif;0710_CrNb.cif;0728_CrNb.cif
Cu6Pt5,P1,4,-0.116070029672613,1558_Cu6Pt5.cif,1168_Cu6Pt5.cif;1585_Cu6Pt5.cif;2466_Cu6Pt5.cif
CuGe,P4/mmm,4,0.1805108307024028,1066_CuGe.cif,0520_CuGe.cif;1468_CuGe.cif;1470_CuGe.cif
Fe2Ga2,P4/nmm,4,-0.02786550221210365,1830_Fe2Ga2.cif,0594_Fe2Ga2.cif;0681_Fe2Ga2.cif;2065_Fe2Ga2.cif
Fe2Pb2,P4/nmm,4,0.2939569668499624,1446_Fe2Pb2.cif,1071_Fe2Pb2.cif;1086_Fe2Pb2.cif;1978_Fe2Pb2.cif
Fe3Pb,Pm-3m,4,0.6190135183935941,0846_Fe3Pb.cif,0282_Fe3Pb.cif;1710_Fe3Pb.cif;1746_Fe3Pb.cif
FePb,Pm-3m,4,0.8410609171454313,1620_FePb.cif,1234_FePb.cif;2039_FePb.cif;2643_FePb.cif
InBr3,Immm,4,-0.5558669594952474,0581_InBr3.cif,1631_InBr3.cif;1669_InBr3.cif;2637_InBr3.cif
K2P2,Cmcm,4,-0.4150835208028323,1151_K2P2.cif,0332_K2P2.cif;1146_K2P2.cif;3895_K2P2.cif
Mo2W,I4/mmm,4,-0.0034834506357294,2438_Mo2W.cif,1045_Mo2W.cif;3224_Mo2W.cif;3461_Mo2W.cif
NbP2,I4/mmm,4,-0.6496911490677721,0253_NbP2.cif,1565_NbP2.cif;2424_NbP2.cif;2479_NbP2.cif
PAs,Pm-3m,4,0.5547144238497519,0827_PAs.cif,0320_PAs.cif;0837_PAs.cif;0985_PAs.cif
Pd2Rh2,P4/nmm,4,0.041182790225248345,2052_Pd2Rh2.cif,0179_Pd2Rh2.cif;0228_Pd2Rh2.cif;0618_Pd2Rh2.cif
Pd2Ta2,P4/nmm,4,-0.32774286406877096,0013_Pd2Ta2.cif,0153_Pd2Ta2.cif;1218_Pd2Ta2.cif;2043_Pd2Ta2.cif
Sn2W2,P4/nmm,4,0.5413473575466052,2134_Sn2W2.cif,2147_Sn2W2.cif;2425_Sn2W2.cif;2833_Sn2W2.cif
VBr2,I4/mmm,4,-0.40987138754169783,1399_VBr2.cif,1472_VBr2.cif;1906_VBr2.cif;2315_VBr2.cif
VW2,I4/mmm,4,-0.09455576502669175,1687_VW2.cif,0330_VW2.cif;1240_VW2.cif;2142_VW2.cif
WSb,Pm-3m,4,0.6380128339161382,0245_WSb.cif,1099_WSb.cif;2118_WSb.cif;2461_WSb.cif
Ag2Br2,P2_1/m,3,-0.4385558393715043,0050_Ag2Br2.cif,1289_Ag2Br2.cif;1579_Ag2Br2.cif
Ag2Ge2,Pmmn,3,0.1739586116285205,0339_Ag2Ge2.cif,0295_Ag2Ge2.cif;1698_Ag2Ge2.cif
Ag2Mn2,P4/nmm,3,0.2806231820436764,2504_Ag2Mn2.cif,2208_Ag2Mn2.cif;2560_Ag2Mn2.cif
Ag4Al,I4/m,3,-0.0484028888270259,1225_Ag4Al.cif,0518_Ag4Al.cif;2599_Ag4Al.cif
Ag4Al3,I4/mmm,3,-0.0356463121095568,1747_Ag4Al3.cif,0560_Ag4Al3.cif;1117_Ag4Al3.cif
Ag5Al3,Amm2,3,-0.0629852474614018,1194_Ag5Al3.cif,1197_Ag5Al3.cif;2418_Ag5Al3.cif
AgSn2,I4/mmm,3,-0.0007098658300653,4494_AgSn2.cif,0731_AgSn2.cif;2515_AgSn2.cif
Al2Cu,Immm,3,-0.0700894357803155,1723_Al2Cu.cif,1308_Al2Cu.cif;2645_Al2Cu.cif
Al2K2,Cmcm,3,0.2122518133412239,0701_Al2K2.cif,1864_Al2K2.cif;2596_Al2K2.cif
Al2Rh,I4/mmm,3,-0.7879958682286438,0039_Al2Rh.cif,1085_Al2Rh.cif;1878_Al2Rh.cif
AlPd2,I4/mmm,3,-0.7917135539533374,0224_AlPd2.cif,1118_AlPd2.cif;1140_AlPd2.cif
AlRh2,I4/mmm,3,-0.637019060757113,0244_AlRh2.cif,1959_AlRh2.cif;2486_AlRh2.cif
AlSb2,I4/mmm,3,0.1446425292884262,3440_AlSb2.cif,4500_AlSb2.cif;4955_AlSb2.cif
AlTa2,I4/mmm,3,-0.1247615256722092,1552_AlTa2.cif,0169_AlTa2.cif;1617_AlTa2.cif
As3Br,P4/mmm,3,0.2125740824372881,1980_As3Br.cif,0162_As3Br.cif;1165_As3Br.cif
AsBr2,I4/mmm,3,0.1644874317319959,1079_AsBr2.cif,1042_AsBr2.cif;1672_AsBr2.cif
AsBr3,P4/mmm,3,0.507192221287605,0693_AsBr3.cif,0624_AsBr3.cif;2003_AsBr3.cif
Au2Nb4,Cmcm,3,0.0545237198894454,2611_Au2Nb4.cif,0843_Au2Nb4.cif;1456_Au2Nb4.cif
Au2P,I4/mmm,3,0.3116512668179887,0607_Au2P.cif,0041_Au2P.cif;2007_Au2P.cif
Au3Cr,P4/mmm,3,0.0798392217555257,1753_Au3Cr.cif,0359_Au3Cr.cif;2173_Au3Cr.cif
Ba2V,I4/mmm,3,0.6647159440825513,2613_Ba2V.cif,0172_Ba2V.cif;0570_Ba2V.cif
Ba3In,P4/mmm,3,-0.211620368678886,4505_Ba3In.cif,0798_Ba3In.cif;2866_Ba3In.cif
Ba3Ir,Pm-3m,3,0.0420704712902604,1250_Ba3Ir.cif,0230_Ba3Ir.cif;0236_Ba3Ir.cif
Ba3Ta,P4/mmm,3,0.8543729953738324,2542_Ba3Ta.cif,1082_Ba3Ta.cif;2150_Ba3Ta.cif
BaAs,P4/mmm,3,-0.8242741931404591,1973_BaAs.cif,1406_BaAs.cif;1464_BaAs.cif
BaBr2,I4/mmm,3,-2.1246359399750907,0564_BaBr2.cif,0931_BaBr2.cif;2072_BaBr2.cif
BaFe2,I4/mmm,3,0.8755973013057728,2059_BaFe2.cif,1030_BaFe2.cif;1362_BaFe2.cif
BaIr3,Pm-3m,3,3.6400044468240753,2607_BaIr3.cif,1153_BaIr3.cif;2625_BaIr3.cif
BaTa3,P4/mmm,3,1.209436450673138,0610_BaTa3.cif,1092_BaTa3.cif;2526_BaTa3.cif
BaV2,I4/mmm,3,0.8428249004638602,0699_BaV2.cif,0737_BaV2.cif;1536_BaV2.cif
CaW3,P4/mmm,3,0.7743857544767856,0367_CaW3.cif,0377_CaW3.cif;3061_CaW3.cif
Cr2Sn2,P4/nmm,3,0.2075312870777024,0101_Cr2Sn2.cif,0106_Cr2Sn2.cif;2352_Cr2Sn2.cif
CrTa,F-43m,3,2.5070367353222007,0240_CrTa.cif,0117_CrTa.cif;0647_CrTa.cif
CrW3,P4/mmm,3,0.0477118599784649,2399_CrW3.cif,0100_CrW3.cif;0444_CrW3.cif
CsNi,Amm2,3,1.2031352450911528,1264_CsNi.cif,0030_CsNi.cif;0562_CsNi.cif
CsV,P-6m2,3,-5.544304572661331,0105_CsV.cif,0112_CsV.cif;2535_CsV.cif
CsYb,F-43m,3,0.6736704833459317,1920_CsYb.cif,1457_CsYb.cif;1524_CsYb.cif
Cu2Ge2,P4/nmm,3,0.1863597944661306,1891_Cu2Ge2.cif,1004_Cu2Ge2.cif;2376_Cu2Ge2.cif
CuI,P-6m2,3,0.163268240844149,0208_CuI.cif,2020_CuI.cif;2362_CuI.cif
CuIr,F-43m,3,1.783717347151633,0255_CuIr.cif,0547_CuIr.cif;1051_CuIr.cif
CuNi,F-43m,3,1.2802434695571363,2534_CuNi.cif,0259_CuNi.cif;1171_CuNi.cif
Fe2As,I4/mmm,3,0.0120831969950868,4829_Fe2As.cif,3230_Fe2As.cif;4913_Fe2As.cif
Fe2Ir,I4/mmm,3,0.0969417910180017,0673_Fe2Ir.cif,1921_Fe2Ir.cif;4866_Fe2Ir.cif
Fe2Ir2,P4/nmm,3,0.095469058522756,0755_Fe2Ir2.cif,0782_Fe2Ir2.cif;4976_Fe2Ir2.cif
Fe2Pt2,P4/nmm,3,0.0783132292381125,2062_Fe2Pt2.cif,2345_Fe2Pt2.cif;2363_Fe2Pt2.cif
Fe3As,Cmmm,3,0.1791333723670165,2432_Fe3As.cif,0174_Fe3As.cif;1159_Fe3As.cif
Fe3Ir,P4/mmm,3,-0.0421983063443285,1727_Fe3Ir.cif,2138_Fe3Ir.cif;3561_Fe3Ir.cif
Fe3Pd,Pm-3m,3,0.0574203385382343,2145_Fe3Pd.cif,0799_Fe3Pd.cif;3462_Fe3Pd.cif
Fe4W2,Cmcm,3,0.1247923180939961,1862_Fe4W2.cif,1563_Fe4W2.cif;1976_Fe4W2.cif
FeIr2,I4/mmm,3,0.016372947711981,0781_FeIr2.cif,0061_FeIr2.cif;0627_FeIr2.cif
FePb3,Pm-3m,3,0.8225211552662088,1260_FePb3.cif,0242_FePb3.cif;1755_FePb3.cif
FePd3,Pm-3m,3,-0.1061349423812592,0296_FePd3.cif,0329_FePd3.cif;2139_FePd3.cif
FeV3,Immm,3,-0.1426573123202441,1580_FeV3.cif,1643_FeV3.cif;2595_FeV3.cif
GaAs2,I4/mmm,3,0.1932450326482199,0958_GaAs2.cif,0745_GaAs2.cif;1546_GaAs2.cif
In2Br2,Cmcm,3,-0.8172334018909813,0488_In2Br2.cif,1564_In2Br2.cif;2303_In2Br2.cif
In2Sn4,C2/m,3,0.0010884922752308,0020_In2Sn4.cif,0523_In2Sn4.cif;0554_In2Sn4.cif
Ir3V,P4/mmm,3,-0.0227992056291768,2463_Ir3V.cif,0191_Ir3V.cif;2216_Ir3V.cif
IrBr3,P4/mmm,3,1.0878837307028393,2471_IrBr3.cif,0387_IrBr3.cif;2136_IrBr3.cif
K3Na,P4/mmm,3,0.0088293019136178,0566_K3Na.cif,0201_K3Na.cif;0991_K3Na.cif
K3P,Pm-3m,3,-0.030217587200664,4031_K3P.cif,3157_K3P.cif;4600_K3P.cif
KNa2,I4/mmm,3,0.0142078707647042,2018_KNa2.cif,2064_KNa2.cif;2286_KNa2.cif
KP3,Cmmm,3,0.5600689693530976,1259_KP3.cif,2218_KP3.cif;2647_KP3.cif
Mn2Sb2,Cmcm,3,0.2133661323603402,4069_Mn2Sb2.cif,3276_Mn2Sb2.cif;4004_Mn2Sb2.cif
Mn2V,I4/mmm,3,-0.0755313052708371,2205_Mn2V.cif,2178_Mn2V.cif;2609_Mn2V.cif
Mo2Pb4,Cmcm,3,0.5704802408949945,1545_Mo2Pb4.cif,1517_Mo2Pb4.cif;2046_Mo2Pb4.cif
Mo2Sr2,P4/nmm,3,0.5498863203754158,2119_Mo2Sr2.cif,0714_Mo2Sr2.cif;2564_Mo2Sr2.cif
MoNb,Pm-3m,3,-0.1312283059431038,2008_MoNb.cif,1537_MoNb.cif;1636_MoNb.cif
MoSr2,I4/mmm,3,0.9515306066991656,0794_MoSr2.cif,1101_MoSr2.cif;3823_MoSr2.cif
MoTa2,I4/mmm,3,-0.1505603280492735,0534_MoTa2.cif,0379_MoTa2.cif;2126_MoTa2.cif
Nb2V,I4/mmm,3,0.0508710542785048,0822_Nb2V.cif,0337_Nb2V.cif;2538_Nb2V.cif
NbNi2,I4/mmm,3,-0.2625785314750324,4860_NbNi2.cif,4398_NbNi2.cif;4411_NbNi2.cif
Ni2Sb2,P4/nmm,3,-0.0576973778270293,1901_Ni2Sb2.cif,0085_Ni2Sb2.cif;0533_Ni2Sb2.cif
Ni3Ta,Fm-3m,3,-0.1899694483609204,1475_Ni3Ta.cif,0729_Ni3Ta.cif;3371_Ni3Ta.cif
P3Br,Pm-3m,3,1.917565214745004,2517_P3Br.cif,2634_P3Br.cif;3529_P3Br.cif
PI,R-3m,3,0.6765507848780659,0207_PI.cif,0213_PI.cif;0484_PI.cif
Pb2Sb2,Imma,3,0.0611476891897284,1928_Pb2Sb2.cif,0926_Pb2Sb2.cif;1096_Pb2Sb2.cif
Pt2V2,Cmcm,3,-0.4276230445207822,2923_Pt2V2.cif,3176_Pt2V2.cif;4865_Pt2V2.cif
PtSb3,P4/mmm,3,0.0037757119550514,0711_PtSb3.cif,1276_PtSb3.cif;1311_PtSb3.cif
Sb4Ge2,Cmcm,3,0.2403865894397162,0380_Sb4Ge2.cif,0589_Sb4Ge2.cif;1263_Sb4Ge2.cif
SrW3,Pm-3m,3,5.081497030923587,1656_SrW3.cif,1054_SrW3.cif;1072_SrW3.cif
V3W,P4/mmm,3,-0.0340694370188607,1754_V3W.cif,1638_V3W.cif;2171_V3W.cif
VGe3,P4/mmm,3,0.1074684072566141,3642_VGe3.cif,0600_VGe3.cif;1044_VGe3.cif
VW2,Immm,3,0.4517394004088544,0235_VW2.cif,1845_VW2.cif;2578_VW2.cif
W2As2,P4/nmm,3,0.3709171496726551,0601_W2As2.cif,1592_W2As2.cif;3551_W2As2.cif
Ac4Br6,R-3c,2,-1.4694957375127116,0586_Ac4Br6.cif,3835_Ac4Br6.cif
Ac4I6,R-3c,2,-1.1355718433136048,0015_Ac4I6.cif,1022_Ac4I6.cif
AcAl3,I4/mmm,2,-0.02264098193507895,1841_AcAl3.cif,1968_AcAl3.cif
AcMn,P4/mmm,2,0.38040413934708134,0083_AcMn.cif,0256_AcMn.cif
Ag2Al,I4/mmm,2,-0.0620558139459449,0573_Ag2Al.cif,1003_Ag2Al.cif
Ag2Al4,I4/mcm,2,0.04590864899149735,1894_Ag2Al4.cif,1499_Ag2Al4.cif
Ag2Br6,I4/mmm,2,-0.07752503912293905,3447_Ag2Br6.cif,4980_Ag2Br6.cif
Ag2Ca,I4/mmm,2,-0.25388095325465326,0965_Ag2Ca.cif,2562_Ag2Ca.cif
Ag2Ca4,I4/mcm,2,-0.24965792111842594,0299_Ag2Ca4.cif,1639_Ag2Ca4.cif
Ag2Ge2,Cmcm,2,0.18984888637887226,2144_Ag2Ge2.cif,2217_Ag2Ge2.cif
Ag2Ge2,Cmme,2,0.19607421099291322,3113_Ag2Ge2.cif,1255_Ag2Ge2.cif
Ag2Ge4,Pnnm,2,0.29797692218111743,1235_Ag2Ge4.cif,1854_Ag2Ge4.cif
Ag2Mn,I4/mmm,2,0.22426761262177214,1249_Ag2Mn.cif,1858_Ag2Mn.cif
Ag2Na4,I4/mcm,2,-0.056424098518528795,2321_Ag2Na4.cif,1065_Ag2Na4.cif
Ag2Na4,Pnnm,2,0.0872236875345784,1562_Ag2Na4.cif,1975_Ag2Na4.cif
Ag2Nb,Immm,2,0.3134987729553824,3738_Ag2Nb.cif,4113_Ag2Nb.cif
Ag2Nb4,Cmcm,2,0.2978254077646962,3824_Ag2Nb4.cif,3877_Ag2Nb4.cif
Ag2Sn2,P4/nmm,2,0.014143886149061001,3810_Ag2Sn2.cif,1590_Ag2Sn2.cif
Ag3Al5,P1,2,-0.00504394419993985,0063_Ag3Al5.cif,2437_Ag3Al5.cif
Ag3Mn,P4/mmm,2,0.23139987500212156,3560_Ag3Mn.cif,0402_Ag3Mn.cif
Ag4Al2,Cmcm,2,-0.0588531578943616,4991_Ag4Al2.cif,4992_Ag4Al2.cif
Ag4Al8,P-1,2,-0.0200452319492372,0371_Ag4Al8.cif,2393_Ag4Al8.cif
Ag4Br2,Cmcm,2,-0.09041203246060875,2584_Ag4Br2.cif,2971_Ag4Br2.cif
Ag4Na2,Pnnm,2,0.0165116819565905,1950_Ag4Na2.cif,4221_Ag4Na2.cif
Ag4Pt8,P-1,2,0.0352566128887691,3339_Ag4Pt8.cif,3369_Ag4Pt8.cif
Ag5In,P4/mmm,2,0.0076504917016609,2277_Ag5In.cif,0233_Ag5In.cif
Ag7Al5,P1,2,-0.035299789201198195,1594_Ag7Al5.cif,1110_Ag7Al5.cif
Ag8P16,Fd-3m,2,0.5147955174023908,2113_Ag8P16.cif,1441_Ag8P16.cif
AgAl2,Immm,2,0.04126650222575925,0661_AgAl2.cif,2397_AgAl2.cif
AgBa,P4/mmm,2,-0.13526788240077064,3526_AgBa.cif,3779_AgBa.cif
AgBr3,Cmmm,2,0.034500893452374545,1257_AgBr3.cif,1252_AgBr3.cif
AgGa5,Cmmm,2,0.0342106518752354,4901_AgGa5.cif,4909_AgGa5.cif
AgMn3,P4/mmm,2,0.41100409077969946,0720_AgMn3.cif,2487_AgMn3.cif
AgRb,Pm-3m,2,0.07145751504471395,3317_AgRb.cif,3359_AgRb.cif
AgSr,Pm-3m,2,-0.15638384439492745,4893_AgSr.cif,4894_AgSr.cif
AgSr3,P4/mmm,2,-0.13762175878022104,4210_AgSr3.cif,4272_AgSr3.cif
AgTa3,Pm-3m,2,3.158010352337816,0675_AgTa3.cif,1166_AgTa3.cif
AgTa7,Fm-3m,2,0.2650292004671026,1076_AgTa7.cif,2298_AgTa7.cif
Al12K12,Pbcm,2,0.306611725672676,1883_Al12K12.cif,1297_Al12K12.cif
Al2Ba,I4/mmm,2,0.0014465937728015,2976_Al2Ba.cif,2985_Al2Ba.cif
Al2In,I4/mmm,2,0.14770123985220818,3839_Al2In.cif,4469_Al2In.cif
Al2In4,Cmcm,2,0.15421457711808684,1670_Al2In4.cif,0653_Al2In4.cif
Al2Mn,Fm-3m,2,0.24579898020372887,2757_Al2Mn.cif,3165_Al2Mn.cif
Al2Ni4,Cmcm,2,-0.45973361997761764,2877_Al2Ni4.cif,3228_Al2Ni4.cif
Al2P4,I4/mcm,2,-0.06956629713611065,1671_Al2P4.cif,2474_Al2P4.cif
Al2Pb4,Pnnm,2,0.26385840546886463,1128_Al2Pb4.cif,2024_Al2Pb4.cif
Al2Pd2,P4/nmm,2,-0.7441465224487835,0093_Al2Pd2.cif,0098_Al2Pd2.cif
Al2Pt2,Pmma,2,-0.9383295021987106,3147_Al2Pt2.cif,4422_Al2Pt2.cif
Al2Sb4,Pnnm,2,0.0341866579048062,1300_Al2Sb4.cif,1874_Al2Sb4.cif
Al3Ba,P4/mmm,2,-0.03751262032094835,3100_Al3Ba.cif,4558_Al3Ba.cif
Al3In,Pmm2,2,0.17536125819492795,0815_Al3In.cif,1741_Al3In.cif
Al3Mn,Pm-3m,2,0.1621133832056869,4168_Al3Mn.cif,4845_Al3Mn.cif
Al3Pd,P4/mmm,2,-0.3991188964549761,0663_Al3Pd.cif,1403_Al3Pd.cif
Al3Pt,Cmmm,2,-0.48230954304589835,2585_Al3Pt.cif,3490_Al3Pt.cif
Al4Ba,I4/mmm,2,-0.2379211242006079,3108_Al4Ba.cif,4776_Al4Ba.cif
Al4Ce,I4/mmm,2,-0.3258056132064002,0947_Al4Ce.cif,1694_Al4Ce.cif
Al4P2,I4_1/amd,2,0.0048209866646065,0064_Al4P2.cif,1299_Al4P2.cif
Al4Pb8,Pnma,2,0.19055227336605007,1136_Al4Pb8.cif,0642_Al4Pb8.cif
Al4Pd4,Pnma,2,-0.7839722596935017,2990_Al4Pd4.cif,4839_Al4Pd4.cif
Al4Sr2,Pnnm,2,0.2840781807290495,3182_Al4Sr2.cif,4362_Al4Sr2.cif
Al4Ta5,I4/mmm,2,-0.1555274842654886,1879_Al4Ta5.cif,2187_Al4Ta5.cif
Al6Cu18,Pmmn,2,-0.1945594037302053,3366_Al6Cu18.cif,2979_Al6Cu18.cif
AlAs,P4/mmm,2,-0.1330317940352001,3201_AlAs.cif,3684_AlAs.cif
AlBa3,P4/mmm,2,-0.0289818206341594,3092_AlBa3.cif,4162_AlBa3.cif
AlCu2,Immm,2,-0.20103651543865458,2574_AlCu2.cif,4338_AlCu2.cif
AlK4,I4/mmm,2,0.4434231626804307,3582_AlK4.cif,4342_AlK4.cif
AlK5,P4/mmm,2,0.18950453179581214,2557_AlK5.cif,4383_AlK5.cif
AlMo3,Immm,2,-0.0995148854720149,2831_AlMo3.cif,4517_AlMo3.cif
AlNb5,P4/mmm,2,0.0073600705270629,0132_AlNb5.cif,1948_AlNb5.cif
AlP,Fm-3m,2,-0.36837629983797493,4562_AlP.cif,3233_AlP.cif
AlPd,P-6m2,2,-0.7641518945964294,0590_AlPd.cif,2014_AlPd.cif
AlPd3,P4/mmm,2,-0.5999295062097629,0528_AlPd3.cif,1017_AlPd3.cif
As3Br,Fm-3m,2,0.49623851979260203,1691_As3Br.cif,1108_As3Br.cif
As4Br,I4/mmm,2,0.04707260620195225,0545_As4Br.cif,1147_As4Br.cif
As4Br2,I4/mcm,2,0.44302692935050525,0778_As4Br2.cif,1178_As4Br2.cif
As4Br4,P2_13,2,0.4148799235401608,2207_As4Br4.cif,2477_As4Br4.cif
AsBr4,Im-3m,2,0.0829586155919729,0567_AsBr4.cif,0664_AsBr4.cif
AsBr8,I4/mmm,2,0.05406282808532285,1186_AsBr8.cif,1860_AsBr8.cif
Au12Nb12,Pbcm,2,0.02383463914806735,0946_Au12Nb12.cif,2608_Au12Nb12.cif
Au16Sr4,I-43m,2,-0.4455476362676368,0803_Au16Sr4.cif,1035_Au16Sr4.cif
Au2Br,I4/mmm,2,0.27258221825256046,3152_Au2Br.cif,4408_Au2Br.cif
Au2In4,Pnnm,2,-0.14711292691546068,0131_Au2In4.cif,2494_Au2In4.cif
Au2Mn,I4/mmm,2,-0.09321982320365285,4220_Au2Mn.cif,4254_Au2Mn.cif
Au2Na4,Fd-3m,2,0.05898257223930615,2965_Au2Na4.cif,4033_Au2Na4.cif
Au2Nb4,C2/m,2,0.05239015375378915,3084_Au2Nb4.cif,4989_Au2Nb4.cif
Au2Ni2,Cmcm,2,0.1901998389808583,4349_Au2Ni2.cif,4745_Au2Ni2.cif
Au2V2,P4/nmm,2,0.026062057248398898,4430_Au2V2.cif,4825_Au2V2.cif
Au3Cu,Pm-3m,2,0.3951398972616367,3984_Au3Cu.cif,4046_Au3Cu.cif
Au3Ga,P4/mmm,2,-0.03988725020763635,0765_Au3Ga.cif,0304_Au3Ga.cif
Au3Nb,Pmmm,2,-0.03759584436641635,0376_Au3Nb.cif,0818_Au3Nb.cif
Au3P,Pmm2,2,0.25870482743802703,1655_Au3P.cif,2172_Au3P.cif
Au5Sb,Amm2,2,0.05608208661971875,4632_Au5Sb.cif,2906_Au5Sb.cif
Au8In,I4/mmm,2,-0.05219148312859065,2011_Au8In.cif,2447_Au8In.cif
Au8Mn4,Pnma,2,-0.0349485481569867,0195_Au8Mn4.cif,1122_Au8Mn4.cif
AuCr2,I4/mmm,2,0.37334273960895453,0995_AuCr2.cif,2445_AuCr2.cif
AuCu,Pm-3m,2,-0.06287133975270275,3982_AuCu.cif,4327_AuCu.cif
AuCu3,P4/mmm,2,-0.01229676462524915,1152_AuCu3.cif,1530_AuCu3.cif
AuCu3,Pm-3m,2,1.1013277080549424,2821_AuCu3.cif,3105_AuCu3.cif
AuGa,F-43m,2,0.016377805594046897,1078_AuGa.cif,2407_AuGa.cif
AuGa3,P4/mmm,2,-0.046284450839512145,0319_AuGa3.cif,1725_AuGa3.cif
AuNb,F-43m,2,1.210546437972257,0529_AuNb.cif,2614_AuNb.cif
AuNb3,Pmm2,2,0.09954854811953945,0396_AuNb3.cif,1690_AuNb3.cif
AuNp,F-43m,2,1.7876044453670747,0791_AuNp.cif,1923_AuNp.cif
AuP3,Imm2,2,0.45313971700034683,0788_AuP3.cif,2951_AuP3.cif
AuSb3,P4/mmm,2,0.22851192467876386,3187_AuSb3.cif,3586_AuSb3.cif
AuSr,Pm-3m,2,-0.7406152934720147,0585_AuSr.cif,1960_AuSr.cif
AuU,Fm-3m,2,0.10415366780647645,1098_AuU.cif,1692_AuU.cif
AuV,F-43m,2,1.0466347040181754,4870_AuV.cif,4827_AuV.cif
AuV,Fm-3m,2,0.645398614798621,0687_AuV.cif,2462_AuV.cif
Ba16Ir4,I-43m,2,0.20131864496112395,2098_Ba16Ir4.cif,2320_Ba16Ir4.cif
Ba2Br,I4/mmm,2,-0.958222879704784,1430_Ba2Br.cif,1421_Ba2Br.cif
Ba2Fe2,P6_3mc,2,1.4472072685523392,1957_Ba2Fe2.cif,2550_Ba2Fe2.cif
Ba2Ge2,Cmcm,2,-0.4168352960777797,0115_Ba2Ge2.cif,2015_Ba2Ge2.cif
Ba2Ir2,Cmcm,2,0.5429406816095628,3155_Ba2Ir2.cif,4993_Ba2Ir2.cif
Ba2Pd,Fmmm,2,-0.3627281425618722,1534_Ba2Pd.cif,1817_Ba2Pd.cif
Ba2Pd4,Cmcm,2,-0.31824661747856187,0544_Ba2Pd4.cif,0506_Ba2Pd4.cif
Ba2Pt2,P6_3/mmc,2,-0.4360649159634753,0159_Ba2Pt2.cif,0142_Ba2Pt2.cif
Ba2Sb,Fmmm,2,-4.101067037156893,3351_Ba2Sb.cif,3543_Ba2Sb.cif
Ba2Sn2,Pmma,2,-0.6115445322171169,1238_Ba2Sn2.cif,1717_Ba2Sn2.cif
Ba2Sn4,Cmcm,2,-0.49151474035655485,0797_Ba2Sn4.cif,2193_Ba2Sn4.cif
Ba2W2,Cmcm,2,0.8055696933048031,3145_Ba2W2.cif,4164_Ba2W2.cif
Ba2W2,Imma,2,1.0340271762017892,2846_Ba2W2.cif,4364_Ba2W2.cif
Ba3Br,P4/mmm,2,-0.6954001448567926,0272_Ba3Br.cif,1402_Ba3Br.cif
Ba3Cu,P4/mmm,2,0.043933907847228254,1913_Ba3Cu.cif,1917_Ba3Cu.cif
Ba3Sn,Immm,2,-0.3222314356017755,0368_Ba3Sn.cif,0753_Ba3Sn.cif
Ba4Cu2,Pnnm,2,0.0309882938574498,2293_Ba4Cu2.cif,4125_Ba4Cu2.cif
Ba4In2,C2/m,2,-0.2471882227130509,3337_Ba4In2.cif,3577_Ba4In2.cif
Ba4In2,I4/mcm,2,-0.27003008336365797,2153_Ba4In2.cif,2190_Ba4In2.cif
Ba4Ir12,Pnma,2,0.13860471483849235,3116_Ba4Ir12.cif,4480_Ba4Ir12.cif
Ba4Ir2,Fd-3m,2,1.212341716668695,0246_Ba4Ir2.cif,2048_Ba4Ir2.cif
Ba4Ni6,R-3c,2,0.4850103099578586,0992_Ba4Ni6.cif,1114_Ba4Ni6.cif
Ba5V,P4/mmm,2,0.5335178421816245,0789_Ba5V.cif,2396_Ba5V.cif
Ba6Sn2,Cmcm,2,-0.13748981277783184,0309_Ba6Sn2.cif,1734_Ba6Sn2.cif
BaBr3,P4/mmm,2,-1.4813374578492933,0261_BaBr3.cif,0956_BaBr3.cif
BaCu5,Cmmm,2,0.2530548274475525,2108_BaCu5.cif,1484_BaCu5.cif
BaGe,Fm-3m,2,-0.18253926192717324,2935_BaGe.cif,3234_BaGe.cif
BaIn,Pm-3m,2,-0.3938989571632412,4080_BaIn.cif,4115_BaIn.cif
BaIr2,Fm-3m,2,1.756304492831391,0221_BaIr2.cif,2042_BaIr2.cif
BaSn5,Cmmm,2,-0.2591774014803872,0825_BaSn5.cif,2605_BaSn5.cif
BiGe,P4/mmm,2,0.2669721090832728,0939_BiGe.cif,2102_BiGe.cif
Ca2Cu2,Cmcm,2,-0.1531372853070922,2773_Ca2Cu2.cif,3744_Ca2Cu2.cif
Ca2Ga,I4/mmm,2,-0.2308302303439557,3531_Ca2Ga.cif,3540_Ca2Ga.cif
Ca2In2,P4/nmm,2,-0.2880982598199386,1363_Ca2In2.cif,2073_Ca2In2.cif
Ca2Ta2,I4_1/amd,2,0.8419364010011483,1869_Ca2Ta2.cif,2498_Ca2Ta2.cif
Ca3Ga,P4/mmm,2,-0.04534015907213915,3794_Ca3Ga.cif,3131_Ca3Ga.cif
Ca3Nb,Pm-3m,2,0.6298893050106891,4580_Ca3Nb.cif,4812_Ca3Nb.cif
Ca3Ni,Fm-3m,2,0.2271759558564772,1642_Ca3Ni.cif,1067_Ca3Ni.cif
Ca3Pb,Immm,2,-0.2726785433284076,0526_Ca3Pb.cif,1834_Ca3Pb.cif
Ca3Pb,Pmm2,2,-0.28606768886805756,1154_Ca3Pb.cif,1183_Ca3Pb.cif
Ca4In,I4/m,2,-0.08048138776108396,0937_Ca4In.cif,1544_Ca4In.cif
Ca4P2,Pnnm,2,-0.8955011683868388,2047_Ca4P2.cif,0471_Ca4P2.cif
CaGe3,Fm-3m,2,-0.16070252063432683,4116_CaGe3.cif,1991_CaGe3.cif
CaNi5,P6/mmm,2,-0.1208772101756245,1236_CaNi5.cif,1282_CaNi5.cif
CaSb,P4/mmm,2,-0.8111685498979122,3436_CaSb.cif,4212_CaSb.cif
CaW2,I4/mmm,2,0.6425096034148006,0188_CaW2.cif,4742_CaW2.cif
Cr12W18,P4_2/mnm,2,0.3534134541954368,0205_Cr12W18.cif,2013_Cr12W18.cif
Cr16Nb4,I23,2,0.5516027781226839,1251_Cr16Nb4.cif,1550_Cr16Nb4.cif
Cr2As4,I4_1/amd,2,0.09511868929998471,0749_Cr2As4.cif,0388_Cr2As4.cif
Cr2Ta4,Pnnm,2,0.6416399500176416,1518_Cr2Ta4.cif,2421_Cr2Ta4.cif
Cr2W,I4/mmm,2,0.06149313469191965,2306_Cr2W.cif,1893_Cr2W.cif
Cr4Nb4,P2_13,2,0.39658721171611955,1283_Cr4Nb4.cif,2152_Cr4Nb4.cif
Cr4Rh,I4/mmm,2,0.6412376095407304,0109_Cr4Rh.cif,1898_Cr4Rh.cif
Cr4Rh8,I4_1/amd,2,-0.08591110471823815,1120_Cr4Rh8.cif,2009_Cr4Rh8.cif
Cr4Sn8,Fddd,2,-0.02622897620970235,1576_Cr4Sn8.cif,1729_Cr4Sn8.cif
Cr4Sr5,I4/mmm,2,0.8417382527781471,0026_Cr4Sr5.cif,0769_Cr4Sr5.cif
Cr5Nb,Cmmm,2,0.08171779200274004,1895_Cr5Nb.cif,1896_Cr5Nb.cif
Cr5Rh4,I4/mmm,2,0.0433791733847191,1018_Cr5Rh4.cif,0215_Cr5Rh4.cif
Cr6Ta18,Pmmn,2,0.2735057704721283,1261_Cr6Ta18.cif,0595_Cr6Ta18.cif
Cr7Nb,Fm-3m,2,0.4885769340934116,0393_Cr7Nb.cif,1295_Cr7Nb.cif
Cr8Rh,I4/mmm,2,0.30872104052599997,1014_Cr8Rh.cif,0219_Cr8Rh.cif
CrAs3,I4/mmm,2,0.6024902251071205,0383_CrAs3.cif,1241_CrAs3.cif
CrMn,P-6m2,2,0.24151297072935304,0158_CrMn.cif,1560_CrMn.cif
CrNa,Cmmm,2,0.988404514286152,0575_CrNa.cif,0314_CrNa.cif
CrP7,Fm-3m,2,0.6510238187764203,0266_CrP7.cif,0602_CrP7.cif
CrSr2,I4/mmm,2,0.5300263342455322,2161_CrSr2.cif,1885_CrSr2.cif
CrSr3,P4/mmm,2,0.4005424634167476,0734_CrSr3.cif,1735_CrSr3.cif
CrTa,Cmmm,2,0.1365876824514034,0979_CrTa.cif,2524_CrTa.cif
CrTa3,Immm,2,0.02881239105873495,0038_CrTa3.cif,0787_CrTa3.cif
CrTh,F-43m,2,1.700754842253772,1525_CrTh.cif,0147_CrTh.cif
CsCu,Fm-3m,2,0.46877342594711846,2836_CsCu.cif,4886_CsCu.cif
CsI,P-6m2,2,-1.619362158320377,0656_CsI.cif,1444_CsI.cif
CsIr,R-3m,2,1.5548204871981879,2741_CsIr.cif,4584_CsIr.cif
CsW,P-6m2,2,2.3855704096467063,0199_CsW.cif,0968_CsW.cif
Cu2Ga2,Cmcm,2,0.0065337413706349975,0941_Cu2Ga2.cif,1609_Cu2Ga2.cif
Cu2Ga4,Cmcm,2,0.02815292335908615,1388_Cu2Ga4.cif,2403_Cu2Ga4.cif
Cu2Ge,I4/mmm,2,0.09868072611641834,1005_Cu2Ge.cif,0839_Cu2Ge.cif
Cu2Ge4,Pnnm,2,0.18803581211616882,0157_Cu2Ge4.cif,2412_Cu2Ge4.cif
Cu2Ge6,I4/mmm,2,0.29788674967249484,1415_Cu2Ge6.cif,2439_Cu2Ge6.cif
Cu2Mn2,Cmcm,2,0.2827120913337944,4626_Cu2Mn2.cif,4282_Cu2Mn2.cif
Cu2Sb2,P4/nmm,2,0.09391892910700281,4089_Cu2Sb2.cif,4824_Cu2Sb2.cif
Cu2W,Immm,2,0.6133150589668445,4990_Cu2W.cif,3791_Cu2W.cif
Cu3Sn,P4/mmm,2,0.06996931924996505,1842_Cu3Sn.cif,2135_Cu3Sn.cif
Cu4Ge2,Pnnm,2,0.12522977416603795,0685_Cu4Ge2.cif,1882_Cu4Ge2.cif
Cu4K2,Fd-3m,2,0.35653607861929704,2632_Cu4K2.cif,3775_Cu4K2.cif
Cu4Nb2,Fd-3m,2,0.1063828985493694,3049_Cu4Nb2.cif,4174_Cu4Nb2.cif
Cu5Pt7,P1,2,-0.10556010133739235,0247_Cu5Pt7.cif,2089_Cu5Pt7.cif
Cu6Ni2,Pm-3n,2,0.10464598340148655,0181_Cu6Ni2.cif,1521_Cu6Ni2.cif
Cu6Pt4,P-1,2,-0.1146165124462001,0344_Cu6Pt4.cif,1200_Cu6Pt4.cif
Cu8In,I4/mmm,2,0.020259638950969848,4016_Cu8In.cif,4962_Cu8In.cif
Cu8Sn,I4/mmm,2,0.009044875812681149,1533_Cu8Sn.cif,2404_Cu8Sn.cif
CuFe,F-43m,2,1.4954171526997873,1476_CuFe.cif,1964_CuFe.cif
CuGe2,I4/mmm,2,0.18331662595804496,0499_CuGe2.cif,2457_CuGe2.cif
CuGe3,P4/mmm,2,0.23465287640698168,1907_CuGe3.cif,1556_CuGe3.cif
CuIn7,Fm-3m,2,0.06162664435895745,4564_CuIn7.cif,4843_CuIn7.cif
CuK4,Im-3m,2,0.22663107225205895,2210_CuK4.cif,2633_CuK4.cif
CuMo,P-6m2,2,0.3509293226549124,1856_CuMo.cif,0760_CuMo.cif
CuNb,P4/mmm,2,0.21776378685108666,0715_CuNb.cif,0014_CuNb.cif
CuTh,F-43m,2,0.8077122955678075,0171_CuTh.cif,1059_CuTh.cif
CuTh,P-6m2,2,0.1948543750543332,1497_CuTh.cif,1876_CuTh.cif
EuNi,Fm-3m,2,-0.0333109573653804,4488_EuNi.cif,4793_EuNi.cif
EuSb,P-6m2,2,-0.9334474944848732,4770_EuSb.cif,2861_EuSb.cif
Fe12W12,Pbcm,2,0.1600194507475135,0120_Fe12W12.cif,1577_Fe12W12.cif
Fe16Na4,I-43m,2,0.8877388095536336,0923_Fe16Na4.cif,1514_Fe16Na4.cif
Fe26Pd2,Fm-3c,2,0.33100780460228507,1306_Fe26Pd2.cif,2186_Fe26Pd2.cif
Fe2Ga,I4/mmm,2,-0.12538111356869364,0482_Fe2Ga.cif,1031_Fe2Ga.cif
Fe2Ga4,I4_1/amd,2,0.09205467415233551,0999_Fe2Ga4.cif,2078_Fe2Ga4.cif
Fe2Mo,Fm-3m,2,0.8147507107970793,0691_Fe2Mo.cif,0950_Fe2Mo.cif
Fe2Pb2,Fd-3m,2,1.220542364139423,0262_Fe2Pb2.cif,0621_Fe2Pb2.cif
Fe2Pb4,Pnnm,2,0.4720998800685994,0461_Fe2Pb4.cif,1418_Fe2Pb4.cif
Fe2Pd2,Fd-3m,2,0.0570976169065793,1744_Fe2Pd2.cif,3704_Fe2Pd2.cif
Fe2Sb4,I4_1/amd,2,0.3374506400732849,3405_Fe2Sb4.cif,4496_Fe2Sb4.cif
Fe2Sr6,I4/mmm,2,0.7402680249097737,3685_Fe2Sr6.cif,3713_Fe2Sr6.cif
Fe3Na,Fm-3m,2,1.1233462960395117,0492_Fe3Na.cif,0260_Fe3Na.cif
Fe3P,Immm,2,-0.19709094908309985,3639_Fe3P.cif,3643_Fe3P.cif
Fe44Mo2,Fd-3m,2,0.214109682829914,1155_Fe44Mo2.cif,1621_Fe44Mo2.cif
Fe4Mo16,I-43m,2,0.7549625213636496,0604_Fe4Mo16.cif,2348_Fe4Mo16.cif
Fe4Na,Im-3m,2,1.6984616208947636,1826_Fe4Na.cif,1448_Fe4Na.cif
Fe4Na8,Pa-3,2,1.6244893107312064,0024_Fe4Na8.cif,1508_Fe4Na8.cif
Fe4Pb8,Pnma,2,0.9440650753777429,2239_Fe4Pb8.cif,1379_Fe4Pb8.cif
Fe4V12,Pnma,2,0.03316473555271755,0632_Fe4V12.cif,1056_Fe4V12.cif
Fe5Ir4,I4/mmm,2,0.01343895973525135,1040_Fe5Ir4.cif,2151_Fe5Ir4.cif
Fe8Pb4,Pa-3,2,1.1056771918030983,1145_Fe8Pb4.cif,1936_Fe8Pb4.cif
FeAs3,Imm2,2,0.08896515324869189,0161_FeAs3.cif,0935_FeAs3.cif
FeBi3,Fm-3m,2,0.5149988952728077,2531_FeBi3.cif,2592_FeBi3.cif
FeGe,Pm-3m,2,0.0020773733828351503,4861_FeGe.cif,3525_FeGe.cif
FeIn,P-6m2,2,0.3289257270994783,0940_FeIn.cif,2857_FeIn.cif
FeIr3,P4/mmm,2,0.5584720493823268,1287_FeIr3.cif,1719_FeIr3.cif
FeMo5,F-43m,2,0.5459691089582742,1502_FeMo5.cif,2000_FeMo5.cif
FeNa3,Pm-3m,2,1.3839546138096868,1503_FeNa3.cif,1828_FeNa3.cif
FeNb,P-6m2,2,0.31542874807885996,4343_FeNb.cif,4932_FeNb.cif
FeP,R-3m,2,-0.17237462705010204,0068_FeP.cif,1027_FeP.cif
FePd,Pm-3m,2,0.05489461239301225,0801_FePd.cif,2127_FePd.cif
FePd3,Fm-3m,2,-0.019562516067566052,0391_FePd3.cif,1224_FePd3.cif
FePt,P4/mmm,2,0.104543379706834,1015_FePt.cif,1916_FePt.cif
FePt3,P4/mmm,2,0.0939328952054201,0538_FePt3.cif,1919_FePt3.cif
FeTh,Fm-3m,2,0.15969975518718899,3856_FeTh.cif,0521_FeTh.cif
FeV,P-6m2,2,0.1250288908668153,1732_FeV.cif,2559_FeV.cif
FeW2,I4/mmm,2,0.25677900201592035,0267_FeW2.cif,2624_FeW2.cif
Ga10Mn4,P4/mbm,2,-0.12209374780471495,3167_Ga10Mn4.cif,3710_Ga10Mn4.cif
Ga2Pt2,P4/nmm,2,-0.2867444920977902,1581_Ga2Pt2.cif,1971_Ga2Pt2.cif
Ga2Rh,I4/mmm,2,-0.4166963559836472,2783_Ga2Rh.cif,3258_Ga2Rh.cif
Ga2Sr,P6/mmm,2,-0.532701177951998,0012_Ga2Sr.cif,0487_Ga2Sr.cif
Ga3Sr,Cmmm,2,-0.19697718263550995,3530_Ga3Sr.cif,3724_Ga3Sr.cif
Ga3W,P4/mmm,2,0.24351941437416966,0817_Ga3W.cif,0996_Ga3W.cif
Ga4W,I4/mmm,2,0.5020622965754047,1254_Ga4W.cif,1302_Ga4W.cif
Ga8Pt16,Fd-3m,2,-0.35647262696223636,1281_Ga8Pt16.cif,2194_Ga8Pt16.cif
GaMn2,I4/mmm,2,0.010223403397047796,0678_GaMn2.cif,1861_GaMn2.cif
GaNa2,I4/mmm,2,0.019192911998665747,2638_GaNa2.cif,1850_GaNa2.cif
GaNa3,P4/mmm,2,0.0177145888553885,0318_GaNa3.cif,4958_GaNa3.cif
GaNb,R-3m,2,-0.1421113768831028,1391_GaNb.cif,1445_GaNb.cif
GaP,R-3m,2,0.3840419519220346,1436_GaP.cif,3838_GaP.cif
GaPt3,Pm-3m,2,-0.44352532209014134,1149_GaPt3.cif,2472_GaPt3.cif
GaPt4,Im-3m,2,0.1310098112587699,0719_GaPt4.cif,1466_GaPt4.cif
Ge2As4,Pnnm,2,0.1179747769028575,0137_Ge2As4.cif,1506_Ge2As4.cif
Ge4As2,Pnnm,2,0.258589181884315,0126_Ge4As2.cif,1569_Ge4As2.cif
Ge8I32,Pa-3,2,-0.4857019115279328,1191_Ge8I32.cif,1459_Ge8I32.cif
In16Sn4,I-43m,2,0.09023991900743356,4335_In16Sn4.cif,4527_In16Sn4.cif
In2Pt,Fm-3m,2,-0.4955655456140189,3368_In2Pt.cif,4576_In2Pt.cif
In2Sn,I4/mmm,2,0.0132122757957313,2606_In2Sn.cif,3487_In2Sn.cif
In5Sn,P4/mmm,2,-0.00391606966067655,0501_In5Sn.cif,2069_In5Sn.cif
In6Mn18,Pmmn,2,0.33786953112917806,2311_In6Mn18.cif,2764_In6Mn18.cif
InBr5,Amm2,2,-0.27697776312336597,1520_InBr5.cif,0582_InBr5.cif
InRh,Pm-3m,2,-0.4301252713178081,4159_InRh.cif,4095_InRh.cif
InSn5,Cm,2,-4.248834165480002e-05,0011_InSn5.cif,0017_InSn5.cif
InTa3,P4/mmm,2,0.10969926771101506,2333_InTa3.cif,1141_InTa3.cif
Ir16Pd8,Fd-3m,2,0.722071773380548,0049_Ir16Pd8.cif,2212_Ir16Pd8.cif
Ir2As6,Pm-3n,2,0.46175681909971367,2525_Ir2As6.cif,1956_Ir2As6.cif
Ir2Mn2,P4/nmm,2,-0.0091935079286562,1032_Ir2Mn2.cif,2074_Ir2Mn2.cif
Ir2Na2,Imma,2,0.47662525348359125,0003_Ir2Na2.cif,1469_Ir2Na2.cif
Ir2Pb,I4/mmm,2,0.5983099163310328,1752_Ir2Pb.cif,3739_Ir2Pb.cif
Ir2Ta,Immm,2,-0.4502100492939587,2541_Ir2Ta.cif,3030_Ir2Ta.cif
Ir2V,I4/mmm,2,-0.2748484181530308,0780_Ir2V.cif,2170_Ir2V.cif
Ir3K,Cmmm,2,0.9067412903251194,0032_Ir3K.cif,1075_Ir3K.cif
Ir3Ta3,Cm,2,-0.4355857091077849,3018_Ir3Ta3.cif,4348_Ir3Ta3.cif
Ir4Na2,Pnnm,2,0.7123117599342912,1455_Ir4Na2.cif,2359_Ir4Na2.cif
Ir5As,F-43m,2,0.7882827349570214,1979_Ir5As.cif,2480_Ir5As.cif
IrTa3,Immm,2,-0.315816902356711,0527_IrTa3.cif,2752_IrTa3.cif
IrV3,P4/mmm,2,-0.3748490026580029,1600_IrV3.cif,0983_IrV3.cif
IrW4,I4/mmm,2,1.2415107402761358,3275_IrW4.cif,4939_IrW4.cif
K2Na4,Pnnm,2,0.05337184179566615,1046_K2Na4.cif,1606_K2Na4.cif
K2P,Immm,2,-0.08869991863831934,2622_K2P.cif,3624_K2P.cif
K2Sn,I4/mmm,2,-0.0198817153388587,1034_K2Sn.cif,0557_K2Sn.cif
K2Sn2,Pmmn,2,-0.06578316001374546,2928_K2Sn2.cif,4755_K2Sn2.cif
K2Sn4,I4_1/amd,2,-0.1486306987863317,1914_K2Sn4.cif,2023_K2Sn4.cif
K4Pd2,Pnnm,2,0.0898814010048827,4801_K4Pd2.cif,4206_K4Pd2.cif
K4Sn2,Pnnm,2,0.03602680346329985,1992_K4Sn2.cif,0165_K4Sn2.cif
K5Ge,Amm2,2,0.11625415741160645,0275_K5Ge.cif,1221_K5Ge.cif
K6Ge18,Pmmn,2,0.0681702790076874,2356_K6Ge18.cif,4871_K6Ge18.cif
K8P4,Pnma,2,-0.08527632979398,0197_K8P4.cif,2141_K8P4.cif
KI,R-3m,2,-1.5851781547910004,1439_KI.cif,0997_KI.cif
KNa3,P4/mmm,2,0.013815627831951949,2335_KNa3.cif,2297_KNa3.cif
KP,F-43m,2,0.7119942787147882,2937_KP.cif,4021_KP.cif
KP3,Pmmm,2,0.01580592999174165,0335_KP3.cif,3341_KP3.cif
KPt,P4/mmm,2,0.2718671245113269,1011_KPt.cif,1892_KPt.cif
KSn,P4/mmm,2,-0.0170641983279818,1909_KSn.cif,2382_KSn.cif
KSn3,Pm-3m,2,-0.0578465920625441,4045_KSn3.cif,3014_KSn3.cif
Mn16W4,I-43m,2,0.469943082646062,1846_Mn16W4.cif,2213_Mn16W4.cif
Mn2Rh4,Cmcm,2,0.01969207050973585,4891_Mn2Rh4.cif,4351_Mn2Rh4.cif
Mn2Sn,I4/mmm,2,0.20149380740984665,0116_Mn2Sn.cif,2279_Mn2Sn.cif
Mn3Nb,P4/mmm,2,0.05991781078028775,2929_Mn3Nb.cif,3251_Mn3Nb.cif
Mn4P2,Pnnm,2,-0.03367748185299505,4030_Mn4P2.cif,3062_Mn4P2.cif
Mn4Rh2,Cmcm,2,0.01583672487780235,3072_Mn4Rh2.cif,3788_Mn4Rh2.cif
Mn4W16,I-43m,2,0.9133761099471591,0829_Mn4W16.cif,0784_Mn4W16.cif
Mn4W2,Cmcm,2,0.16167853515485336,4359_Mn4W2.cif,4750_Mn4W2.cif
Mn6W2,Pm-3n,2,0.1754787045008994,0392_Mn6W2.cif,1715_Mn6W2.cif
Mn8W16,Fd-3m,2,0.2508454773127854,0372_Mn8W16.cif,1280_Mn8W16.cif
MnNi,F-43m,2,1.506075529502354,1946_MnNi.cif,2543_MnNi.cif
MnRh,Pm-3m,2,-0.19310872922697794,0505_MnRh.cif,1820_MnRh.cif
MnSb2,I4/mmm,2,0.1809943992373419,3514_MnSb2.cif,1749_MnSb2.cif
MnTa2,Fmmm,2,0.0316298677359784,4053_MnTa2.cif,3999_MnTa2.cif
MnW,Pm-3m,2,0.14742955903082766,0972_MnW.cif,1851_MnW.cif
MnW3,Pm-3m,2,1.378031889934472,1278_MnW3.cif,2642_MnW3.cif
Mo12Rh12,Pbcm,2,-0.038239448318398844,4340_Mo12Rh12.cif,2795_Mo12Rh12.cif
Mo2Nb,I4/mmm,2,-0.1175734261704543,3463_Mo2Nb.cif,3602_Mo2Nb.cif
Mo2Nb2,Fd-3m,2,-0.08743783646045955,0615_Mo2Nb2.cif,2597_Mo2Nb2.cif
Mo2Sr2,Imma,2,0.6694569682082037,2845_Mo2Sr2.cif,4840_Mo2Sr2.cif
Mo2Ta,I4/mmm,2,-0.16879288868416603,0806_Mo2Ta.cif,2577_Mo2Ta.cif
Mo2W2,Cmcm,2,0.4114118182779931,3043_Mo2W2.cif,4175_Mo2W2.cif
Mo2W4,I4/mcm,2,0.6720148673004532,1410_Mo2W4.cif,1822_Mo2W4.cif
Mo3Nb,Immm,2,-0.09158601062586674,4227_Mo3Nb.cif,4216_Mo3Nb.cif
Mo3Sr,Cmmm,2,0.7097010358540881,0375_Mo3Sr.cif,2137_Mo3Sr.cif
Mo3Ta,P4/mmm,2,-0.12721873934567715,0313_Mo3Ta.cif,0746_Mo3Ta.cif
Mo4Pb4,Pnma,2,0.9875084756888293,1414_Mo4Pb4.cif,1380_Mo4Pb4.cif
Mo4W4,Pnma,2,0.39106449423625556,3090_Mo4W4.cif,4018_Mo4W4.cif
MoI,F-43m,2,1.3120934245164957,0774_MoI.cif,1100_MoI.cif
MoP3,P4/mmm,2,0.17208538617666624,4228_MoP3.cif,4344_MoP3.cif
MoP3,Pm-3m,2,0.5508129163760387,0249_MoP3.cif,0666_MoP3.cif
MoRh,P4/mmm,2,-0.1766797518928191,3225_MoRh.cif,3254_MoRh.cif
MoSn,P-6m2,2,0.1979402277528117,0667_MoSn.cif,1596_MoSn.cif
MoSn4,Im-3m,2,0.19711857213061879,4731_MoSn4.cif,2989_MoSn4.cif
MoSr,P4/mmm,2,1.4579471207283605,3450_MoSr.cif,4453_MoSr.cif
MoSr3,Pmm2,2,0.9276712339391626,5000_MoSr3.cif,4332_MoSr3.cif
MoV4,I4/mmm,2,0.5677439163531375,1019_MoV4.cif,2012_MoV4.cif
Na2Pt,I4/mmm,2,0.0049131603028375,3672_Na2Pt.cif,0338_Na2Pt.cif
Na2Pt2,Cmcm,2,-0.0666093854120128,0385_Na2Pt2.cif,4582_Na2Pt2.cif
Na2Pt2,Fd-3m,2,-0.013884825774283599,2436_Na2Pt2.cif,2346_Na2Pt2.cif
Na3Pd,Imm2,2,-0.0124223119993935,1452_Na3Pd.cif,4621_Na3Pd.cif
Na3Rh,Cmmm,2,0.3113275580253616,3324_Na3Rh.cif,4912_Na3Rh.cif
Na4Pd2,Cmcm,2,-0.02277272826898725,3292_Na4Pd2.cif,4492_Na4Pd2.cif
Na4Pt2,Fd-3m,2,0.2525066226652616,2406_Na4Pt2.cif,1610_Na4Pt2.cif
Na6Pb2,Pm-3n,2,-0.1181431186843953,1305_Na6Pb2.cif,2182_Na6Pb2.cif
NaBr,Pm-3m,2,-1.5706970983739177,3037_NaBr.cif,4038_NaBr.cif
NaBr5,Cmmm,2,-0.4680010376997433,3590_NaBr5.cif,3801_NaBr5.cif
NaNi,P-6m2,2,0.47307624935883075,1613_NaNi.cif,1663_NaNi.cif
NaPt,P4/mmm,2,-0.1408221113173029,0404_NaPt.cif,0810_NaPt.cif
Nb10P6,I4/mcm,2,-0.8306884741781886,1531_Nb10P6.cif,2536_Nb10P6.cif
Nb2As2,P4/nmm,2,-0.32853113481528506,3527_Nb2As2.cif,4614_Nb2As2.cif
Nb2P,I4/mmm,2,-0.4163668775705798,1483_Nb2P.cif,2454_Nb2P.cif
Nb2Pb4,Cmcm,2,0.5330360401218244,2080_Nb2Pb4.cif,1181_Nb2Pb4.cif
Nb2Pt2,Pmma,2,-0.6457364888719965,0460_Nb2Pt2.cif,2394_Nb2Pt2.cif
Nb2V2,P4/nmm,2,0.058694169973493,1751_Nb2V2.cif,2640_Nb2V2.cif
Nb2V4,I4_1/amd,2,0.47133481906416874,4629_Nb2V4.cif,0397_Nb2V4.cif
Nb2W4,Pnnm,2,0.15047643645130404,1859_Nb2W4.cif,0311_Nb2W4.cif
Nb4I16,Cmc2_1,2,-0.5948769345812868,0124_Nb4I16.cif,0631_Nb4I16.cif
Nb4V8,I4_1/amd,2,0.1592380559584517,0321_Nb4V8.cif,1578_Nb4V8.cif
Nb4W8,Pnma,2,0.1248591841862657,0033_Nb4W8.cif,0969_Nb4W8.cif
NbAs3,P4/mmm,2,0.05034746101521084,3548_NbAs3.cif,4921_NbAs3.cif
NbP3,P4/mmm,2,-0.16606241247727427,1102_NbP3.cif,1169_NbP3.cif
NbPt2,Immm,2,-0.7034685635945616,3634_NbPt2.cif,4065_NbPt2.cif
Ni2P2,P4/nmm,2,-0.20808802336431895,0638_Ni2P2.cif,3701_Ni2P2.cif
Ni2Sb,I4/mmm,2,-0.0880204176964148,2386_Ni2Sb.cif,1398_Ni2Sb.cif
Ni2Sb4,Pnnm,2,-0.3870227996953389,4970_Ni2Sb4.cif,4937_Ni2Sb4.cif
Ni2Sn,I4/mmm,2,-0.1174669469626629,0164_Ni2Sn.cif,0662_Ni2Sn.cif
Ni3P,Pmmm,2,-0.18200626644156426,4585_Ni3P.cif,4795_Ni3P.cif
Ni3Sb,I4/mmm,2,-0.13600894443437678,1426_Ni3Sb.cif,0203_Ni3Sb.cif
Ni3Sb,P4/mmm,2,0.03853428067326535,0462_Ni3Sb.cif,1020_Ni3Sb.cif
Ni4Sb2,I4_1/amd,2,0.18074467867758975,0077_Ni4Sb2.cif,1434_Ni4Sb2.cif
Ni4U6,R-3c,2,1.2524362945573955,0514_Ni4U6.cif,1831_Ni4U6.cif
NiGe2,P4/mmm,2,0.0678635757191884,3127_NiGe2.cif,4280_NiGe2.cif
NiPa,P-6m2,2,0.07909707463657867,1668_NiPa.cif,1865_NiPa.cif
NiSb,R-3m,2,-0.14800212268293575,2808_NiSb.cif,3692_NiSb.cif
NiSn,P-6m2,2,-0.12230702429539514,1055_NiSn.cif,0130_NiSn.cif
NpPa,P4/mmm,2,0.12069984414267325,3497_NpPa.cif,4785_NpPa.cif
P12As17,I-43m,2,0.3337972734301967,1612_P12As17.cif,1177_P12As17.cif
P12Br17,I-43m,2,0.0946887607739964,1711_P12Br17.cif,3259_P12Br17.cif
P16Br4,I23,2,0.4270714153858364,1703_P16Br4.cif,0768_P16Br4.cif
P5As,F-43m,2,0.7836027064619324,0288_P5As.cif,2131_P5As.cif
P8Br16,Fd-3m,2,0.5206934020970226,1253_P8Br16.cif,2140_P8Br16.cif
PI3,Pm-3m,2,0.8197401315421518,3857_PI3.cif,4917_PI3.cif
PaSr,R-3m,2,0.43339007184031075,0960_PaSr.cif,1731_PaSr.cif
Pb2P2,P4/nmm,2,0.26008202262771535,2912_Pb2P2.cif,4022_Pb2P2.cif
Pb2Sb6,Cmcm,2,0.164782627448772,0238_Pb2Sb6.cif,1824_Pb2Sb6.cif
Pb4V,Im-3m,2,0.3156525546809703,1449_Pb4V.cif,1081_Pb4V.cif
Pb4V4,P2_13,2,0.5329649264038196,1982_Pb4V4.cif,2405_Pb4V4.cif
Pb5As,Cmmm,2,0.0736421276951156,0702_Pb5As.cif,0962_Pb5As.cif
PbAs3,Immm,2,0.25306265306302755,0762_PbAs3.cif,2603_PbAs3.cif
PbGe2,I4/mmm,2,0.2583627015719196,4361_PbGe2.cif,4616_PbGe2.cif
PbGe3,Fm-3m,2,0.10259753350668485,1987_PbGe3.cif,0771_PbGe3.cif
PbSb,Cmmm,2,0.1039075446992008,1646_PbSb.cif,2082_PbSb.cif
PbSb,P4/mmm,2,0.0267154961405558,1210_PbSb.cif,2317_PbSb.cif
PbTa3,I4/mmm,2,0.38661200655363537,4193_PbTa3.cif,2834_PbTa3.cif
Pd16Ta14,P4_2/mnm,2,-0.19196071480488494,0264_Pd16Ta14.cif,2392_Pd16Ta14.cif
Pd2P,I4/mmm,2,-0.2932460067671693,4215_Pd2P.cif,4250_Pd2P.cif
Pd2Rb2,P4/nmm,2,0.4921583938957727,2782_Pd2Rb2.cif,3034_Pd2Rb2.cif
Pd2Sm2,Cmcm,2,-1.19210460212813,4528_Pd2Sm2.cif,4235_Pd2Sm2.cif
Pd2W2,Cmcm,2,0.15744333272236585,2882_Pd2W2.cif,2907_Pd2W2.cif
Pd3Rb,P4/mmm,2,0.20452853216476224,4185_Pd3Rb.cif,4950_Pd3Rb.cif
Pd3Sb,Immm,2,-0.3757872514501046,0706_Pd3Sb.cif,2099_Pd3Sb.cif
Pd8Sb4,Cmc2_1,2,-0.46820040254620743,1049_Pd8Sb4.cif,2114_Pd8Sb4.cif
PdRh2,I4/mmm,2,0.06739859248216895,0148_PdRh2.cif,0654_PdRh2.cif
PdU,P-6m2,2,-0.2234693643376619,4925_PdU.cif,4965_PdU.cif
PdV3,Cmmm,2,-0.0324024559128704,4642_PdV3.cif,4883_PdV3.cif
Pt2As,I4/mmm,2,-0.037269582873020554,0930_Pt2As.cif,2053_Pt2As.cif
Pt2V4,Cmcm,2,-0.27297174305486804,2864_Pt2V4.cif,4019_Pt2V4.cif
Pt2W2,Fd-3m,2,0.09167091813706854,4903_Pt2W2.cif,3326_Pt2W2.cif
Pt3As,P4/mmm,2,-0.0046920352727396995,0508_Pt3As.cif,3557_Pt3As.cif
Pt7Sb,Fm-3m,2,-0.14827828065241674,1231_Pt7Sb.cif,2635_Pt7Sb.cif
PtSm,Pm-3m,2,-1.360611093704187,2946_PtSm.cif,0025_PtSm.cif
PtV,F-43m,2,0.6069576864674011,3188_PtV.cif,4255_PtV.cif
PtYb,Fm-3m,2,-0.9089935137096892,1589_PtYb.cif,1628_PtYb.cif
RbRh,P-6m2,2,1.0519706561841788,0145_RbRh.cif,0944_RbRh.cif
RbSm,F-43m,2,1.5106622858772234,2995_RbSm.cif,3168_RbSm.cif
RbU,P-6m2,2,1.176742153057278,1944_RbU.cif,1954_RbU.cif
RbV,P-6m2,2,1.6020720009709983,2160_RbV.cif,2540_RbV.cif
Rh4Ge2,Cmcm,2,-0.2124629624478379,4368_Rh4Ge2.cif,2886_Rh4Ge2.cif
Rh5W3,Cmmm,2,-0.17063948933367795,3060_Rh5W3.cif,3373_Rh5W3.cif
Rh6W4,Fdd2,2,-0.057841298646222505,3156_Rh6W4.cif,4922_Rh6W4.cif
RhGe2,Fm-3m,2,-0.33108885972717,0300_RhGe2.cif,1619_RhGe2.cif
RhSr2,I4/mmm,2,-0.146218234882378,3294_RhSr2.cif,3499_RhSr2.cif
RhU,F-43m,2,0.45127852874520435,1296_RhU.cif,2587_RhU.cif
RhU,P4/mmm,2,-0.35477250366632074,0293_RhU.cif,1527_RhU.cif
RhV,F-43m,2,0.6894043857977974,0754_RhV.cif,1001_RhV.cif
RhYb,Pm-3m,2,-0.5306993138412088,2109_RhYb.cif,3295_RhYb.cif
Sb2P,I4/mmm,2,0.3290222780264216,3183_Sb2P.cif,3475_Sb2P.cif
Sb3Ge,Immm,2,0.2470613885710364,0302_Sb3Ge.cif,0949_Sb3Ge.cif
Sb6Ge2,Cmcm,2,0.21516158406607344,2493_Sb6Ge2.cif,2521_Sb6Ge2.cif
SbGe2,I4/mmm,2,0.2899364314731866,3193_SbGe2.cif,3714_SbGe2.cif
SbGe3,Imm2,2,0.3209023210685702,1233_SbGe3.cif,2159_SbGe3.cif
SbP,Fm-3m,2,0.020491708522397005,0037_SbP.cif,4459_SbP.cif
Sm3W,I4/mmm,2,0.06218981365152215,2956_Sm3W.cif,4134_Sm3W.cif
SmBi,P-6m2,2,-0.9750469420630375,0579_SmBi.cif,1844_SmBi.cif
Sn2Br4,Fd-3m,2,0.2583359453009053,3263_Sn2Br4.cif,4804_Sn2Br4.cif
Sn2W,I4/mmm,2,0.44161467077812533,3312_Sn2W.cif,2313_Sn2W.cif
SnTa,F-43m,2,1.5566942095641227,0328_SnTa.cif,2505_SnTa.cif
SnW2,I4/mmm,2,0.43350616805446524,0741_SnW2.cif,1583_SnW2.cif
SnW3,P4/mmm,2,0.5150952541013094,1158_SnW3.cif,1422_SnW3.cif
Sr2W2,Fd-3m,2,1.3924313104913413,1074_Sr2W2.cif,2001_Sr2W2.cif
Sr4Br8,Pnma,2,-2.1568473683638834,0542_Sr4Br8.cif,2473_Sr4Br8.cif
Sr6Br4,R-3c,2,-1.1921356959902911,0006_Sr6Br4.cif,0019_Sr6Br4.cif
SrW,Pm-3m,2,1.9940280028232205,0630_SrW.cif,0639_SrW.cif
Ta3Sb,P4/mmm,2,-0.00680345258308535,2961_Ta3Sb.cif,4498_Ta3Sb.cif
V2Br,I4/mmm,2,0.43698298483511816,0539_V2Br.cif,0556_V2Br.cif
V2Br2,P4/nmm,2,-0.148394428537304,0108_V2Br2.cif,2077_V2Br2.cif
V2Ge2,P4/nmm,2,-0.20123381178910016,3879_V2Ge2.cif,4630_V2Ge2.cif
V2W,Immm,2,0.1508598416056431,0281_V2W.cif,1510_V2W.cif
V3Br,I4/mmm,2,0.5628685326602723,0090_V3Br.cif,0620_V3Br.cif
V3Br,P4/mmm,2,0.2455567539833976,0954_V3Br.cif,1353_V3Br.cif
V3Sb,Immm,2,-0.09302015466951015,2726_V3Sb.cif,3536_V3Sb.cif
V4W2,I4_1/amd,2,0.49666906323764215,0811_V4W2.cif,2122_V4W2.cif
VW3,P4/mmm,2,-0.0782909087326331,1239_VW3.cif,1258_VW3.cif
W2Sb6,Pmmn,2,0.6954041351706262,3423_W2Sb6.cif,3813_W2Sb6.cif
W5P,F-43m,2,0.760064843571616,0756_W5P.cif,1929_W5P.cif
WBr,Cmmm,2,1.304549101164843,4521_WBr.cif,3047_WBr.cif
WP3,Fm-3m,2,0.3899295268474811,1935_WP3.cif,2061_WP3.cif
YbBr,Fm-3m,2,-1.4189054051459702,3120_YbBr.cif,3130_YbBr.cif
YbGe,P4/mmm,2,-0.8301074998639568,3429_YbGe.cif,4940_YbGe.cif
