formula,n_distinct_space_groups,distinct_space_groups
Ag4Al4,6,"['Cccm', 'I4/mmm', 'P1', 'P4/mmm', 'P4/nmm', 'Pmm2']"
Fe2Pb2,5,"['Cmcm', 'Fd-3m', 'Imma', 'P4/nmm', 'Pmmn']"
FePb3,5,"['Cmmm', 'Fm-3m', 'P4/mmm', 'Pm-3m', 'Pmm2']"
PtV3,5,"['Cmmm', 'I4/mmm', 'Immm', 'P4/mmm', 'Pm-3m']"
Ag4Al2,4,"['Cmcm', 'I4/mcm', 'I4_1/amd', 'Pnnm']"
Al2Cu,4,"['Fm-3m', 'Fmmm', 'Immm', 'P4/mmm']"
Al2Pt2,4,"['Imma', 'P4/nmm', 'Pmma', 'Pmmn']"
Au2Nb2,4,"['Cmcm', 'Cmme', 'Pmma', 'Pmmn']"
CrNb3,4,"['Cmmm', 'I4/mmm', 'Immm', 'Pm-3m']"
Cu2Ga2,4,"['Cmcm', 'I4_1/amd', 'P4/nmm', 'Pmma']"
Fe3Na,4,"['Fm-3m', 'P4/mmm', 'Pm-3m', 'Pmmm']"
FePt3,4,"['Cmmm', 'I4/mmm', 'P4/mmm', 'Pmmm']"
InV,4,"['Fm-3m', 'P4/mmm', 'Pm-3m', 'R-3m']"
KP3,4,"['Cmmm', 'Imm2', 'Immm', 'Pmmm']"
Mo2W2,4,"['Cmcm', 'Fd-3m', 'I4_1/amd', 'P4/nmm']"
Mo2W4,4,"['C2/m', 'Cmcm', 'I4/mcm', 'I4_1/amd']"
Mo3W,4,"['Cmmm', 'P2/m', 'P4/mmm', 'Pmm2']"
Na2P2,4,"['Cmcm', 'Fd-3m', 'Imma', 'P4/nmm']"
Na2Pt2,4,"['Cmcm', 'Fd-3m', 'P4/nmm', 'Pmmn']"
Ni4Rh2,4,"['C2/m', 'Cmcm', 'Cmmm', 'Pmmm']"
P3Br,4,"['Cmmm', 'Im-3m', 'Pm-3m', 'Pmmm']"
PbAs3,4,"['Cmmm', 'Fm-3m', 'Immm', 'P4/mmm']"
Pt2Sb2,4,"['Cmcm', 'Imma', 'P6_3/mmc', 'Pmmn']"
Pt3V,4,"['I4/mmm', 'P4/mmm', 'Pm-3m', 'Pmmm']"
Rh3Sb,4,"['Imm2', 'Immm', 'P4/mmm', 'Pmmm']"
Sb3Ge,4,"['Cmmm', 'Immm', 'P4/mmm', 'Pmmm']"
SnW3,4,"['Cmmm', 'I4/mmm', 'Immm', 'P4/mmm']"
Ag2Al4,3,"['Fd-3m', 'I4/mcm', 'I4_1/amd']"
Ag2Ge2,3,"['Cmcm', 'Cmme', 'Pmmn']"
Ag2Nb4,3,"['C2/m', 'Cmcm', 'Pnnm']"
Ag3Br,3,"['Imm2', 'Immm', 'P4/mmm']"
Ag6Al2,3,"['Cmmm', 'P4/nmm', 'Pmmn']"
AgAl2,3,"['I4/mmm', 'Immm', 'P4/mmm']"
AgP3,3,"['Cmmm', 'Fm-3m', 'Pm-3m']"
Al2Br2,3,"['Fd-3m', 'P4/nmm', 'Pmmn']"
Al2Cu2,3,"['I4_1/amd', 'P4/nmm', 'Pmma']"
Al2Fe4,3,"['Cmcm', 'Fd-3m', 'I4/mcm']"
Al2K2,3,"['Cmcm', 'P4/nmm', 'Pmmn']"
Al2K4,3,"['Cmcm', 'I4/mcm', 'Pnnm']"
Al2Sb,3,"['Fm-3m', 'I4/mmm', 'P4/mmm']"
Al3Br,3,"['Fm-3m', 'I4/mmm', 'Imm2']"
Al3In,3,"['Cmmm', 'Fm-3m', 'Pmm2']"
Al3Pt,3,"['Cmmm', 'Imm2', 'P4/mmm']"
Al3Sb,3,"['Cmmm', 'Immm', 'P4/mmm']"
Al3Sn,3,"['Fm-3m', 'Imm2', 'Immm']"
AlAs,3,"['Fm-3m', 'P4/mmm', 'Pm-3m']"
AlMn,3,"['Fm-3m', 'P-6m2', 'Pm-3m']"
AlPd,3,"['P-6m2', 'P4/mmm', 'Pm-3m']"
AlSb,3,"['Cmmm', 'F-43m', 'Pm-3m']"
AlSr3,3,"['I4/mmm', 'Immm', 'Pm-3m']"
As3Br,3,"['Fm-3m', 'P4/mmm', 'P4mm']"
As4Br2,3,"['Cmcm', 'I4/mcm', 'I4_1/amd']"
Au2Mn2,3,"['Cmcm', 'P4/nmm', 'Pmma']"
Au3As,3,"['Imm2', 'Immm', 'Pmm2']"
Au3P,3,"['Cmmm', 'Immm', 'Pmm2']"
Au4Nb2,3,"['C2/m', 'Cm', 'Cmcm']"
AuBr3,3,"['Fm-3m', 'P4/mmm', 'Pm-3m']"
AuNb3,3,"['Imm2', 'Immm', 'Pmm2']"
AuNi,3,"['F-43m', 'Fm-3m', 'P-6m2']"
AuP3,3,"['Cmmm', 'Imm2', 'Pmm2']"
AuSb3,3,"['Fm-3m', 'P4/mmm', 'Pm-3m']"
AuV,3,"['F-43m', 'Fm-3m', 'P4/mmm']"
Ba2Ga2,3,"['Cmcm', 'Pmma', 'Pmmn']"
Ba2Ge2,3,"['Cmcm', 'P4/nmm', 'Pmmn']"
Ba2In4,3,"['C2/m', 'Fd-3m', 'Imma']"
BaW3,3,"['Imm2', 'Immm', 'Pmm2']"
CaCr3,3,"['Cmmm', 'Imm2', 'Pmm2']"
CaW3,3,"['Fm-3m', 'P4/mmm', 'Pm-3m']"
Cr3Nb,3,"['Fm-3m', 'Immm', 'Pm-3m']"
Cr4Nb2,3,"['Fd-3m', 'I4_1/amd', 'Pnnm']"
CrTa,3,"['Cmmm', 'F-43m', 'P-6m2']"
CrTh,3,"['F-43m', 'Fm-3m', 'P-6m2']"
CsBr,3,"['F-43m', 'Fm-3m', 'Pm-3m']"
CsYb,3,"['F-43m', 'P-6m2', 'R-3m']"
Cu2Ge2,3,"['Cmcm', 'P4/nmm', 'Pmmn']"
Cu2Ge4,3,"['Cmcm', 'I4_1/amd', 'Pnnm']"
CuNi,3,"['F-43m', 'Fm-3m', 'P-6m2']"
EuI,3,"['Fm-3m', 'P-6m2', 'R-3m']"
Fe2Br2,3,"['Imma', 'Pmma', 'Pmmn']"
Fe2Ga2,3,"['Cmcm', 'I4_1/amd', 'P4/nmm']"
Fe3As,3,"['Cmmm', 'P4/mmm', 'Pm-3m']"
Fe3Br,3,"['Cmmm', 'I4/mmm', 'Pmmm']"
Fe3Pb,3,"['Fm-3m', 'I4/mmm', 'Pm-3m']"
Fe3Pd,3,"['Cmmm', 'Fm-3m', 'Pm-3m']"
Fe3V,3,"['Cmmm', 'Fm-3m', 'Imm2']"
Fe4W2,3,"['Cmcm', 'Fd-3m', 'I4/mcm']"
FePb,3,"['F-43m', 'P-6m2', 'Pm-3m']"
FePd,3,"['F-43m', 'Fm-3m', 'Pm-3m']"
FePd3,3,"['Fm-3m', 'Pm-3m', 'Pmmm']"
GaMn2,3,"['Fm-3m', 'I4/mmm', 'P4/mmm']"
GaP,3,"['Fm-3m', 'Pm-3m', 'R-3m']"
Ge2P4,3,"['C2/m', 'Cmcm', 'Imma']"
In3Mn,3,"['Cmmm', 'Imm2', 'Pmm2']"
Ir2Pb2,3,"['Cmcm', 'Imma', 'P4/nmm']"
IrNa3,3,"['Cmmm', 'Immm', 'Pmm2']"
K3P,3,"['Fm-3m', 'Imm2', 'Pm-3m']"
KGe3,3,"['Imm2', 'Immm', 'Pm-3m']"
KNa3,3,"['I4/mmm', 'Immm', 'P4/mmm']"
Mn2Sb2,3,"['Cmcm', 'I4_1/amd', 'P4/nmm']"
Mn2V2,3,"['Cmcm', 'Imma', 'P4/nmm']"
Mn3Sb,3,"['Immm', 'P4/mmm', 'Pm-3m']"
MnPd3,3,"['Cmmm', 'Imm2', 'Pmm2']"
MnW,3,"['F-43m', 'Fm-3m', 'Pm-3m']"
Mo2Nb2,3,"['Cmcm', 'Fd-3m', 'Imma']"
Mo2Rh2,3,"['Cmcm', 'I4_1/amd', 'P4/nmm']"
MoSr3,3,"['I4/mmm', 'P4/mmm', 'Pmm2']"
Na2Rh4,3,"['Cmcm', 'Fd-3m', 'Pnnm']"
Na4P2,3,"['Cmc2_1', 'I4/mcm', 'P4_2/mnm']"
Na4Pt2,3,"['Cmcm', 'Fd-3m', 'I4/mcm']"
NaBr,3,"['Cmmm', 'Fm-3m', 'Pm-3m']"
NaP3,3,"['Cmmm', 'Imm2', 'Immm']"
NaPt,3,"['P-6m2', 'P4/mmm', 'Pm-3m']"
Nb2As2,3,"['Cmcm', 'Imma', 'P4/nmm']"
Nb3W,3,"['Immm', 'P4/mmm', 'Pmm2']"
NbW3,3,"['Cmmm', 'Immm', 'Pmm2']"
Ni2Sr2,3,"['Fd-3m', 'I4_1/amd', 'Pmma']"
Ni3P,3,"['Immm', 'P4/mmm', 'Pmmm']"
Ni3Sb,3,"['Fm-3m', 'I4/mmm', 'P4/mmm']"
PAs3,3,"['Fm-3m', 'Immm', 'Pm-3m']"
Pb3As,3,"['Fm-3m', 'I4/mmm', 'Immm']"
Pb3V,3,"['Immm', 'P4/mmm', 'Pm-3m']"
Pt2V2,3,"['Cmcm', 'Imma', 'P4/nmm']"
Rh3Ta,3,"['I4/mmm', 'Imm2', 'Pmm2']"
RhU,3,"['F-43m', 'P-6m2', 'P4/mmm']"
SbGe3,3,"['Cmmm', 'Imm2', 'Immm']"
SbP3,3,"['Cmmm', 'Im-3m', 'Imm2']"
SmW,3,"['F-43m', 'P-6m2', 'P4/mmm']"
Sn2W2,3,"['Cmcm', 'Imma', 'P4/nmm']"
Sn2W4,3,"['Cmcm', 'I4/mcm', 'I4_1/amd']"
Sn4W2,3,"['Cmcm', 'I4/mcm', 'I4_1/amd']"
SrAs,3,"['Immm', 'P-6m2', 'P4/mmm']"
SrI,3,"['Fm-3m', 'P-6m2', 'Pm-3m']"
TaGe3,3,"['Cmmm', 'Immm', 'Pmm2']"
V2Br2,3,"['I4_1/amd', 'Imma', 'P4/nmm']"
V3Br,3,"['Cmmm', 'I4/mmm', 'P4/mmm']"
W2Sb6,3,"['Cmcm', 'Pm-3n', 'Pmmn']"
WBr,3,"['Cmmm', 'P4/mmm', 'Pm-3m']"
WSb,3,"['F-43m', 'P-6m2', 'Pm-3m']"
AcSm,2,"['Fm-3m', 'P4/mmm']"
Ag2Al2,2,"['I4_1/amd', 'P4/nmm']"
Ag2Al3,2,"['I4/mmm', 'Immm']"
Ag2Mn,2,"['I4/mmm', 'Immm']"
Ag2Mn4,2,"['I4/mcm', 'I4_1/amd']"
Ag2Na4,2,"['I4/mcm', 'Pnnm']"
Ag2Sr,2,"['Fm-3m', 'I4/mmm']"
Ag3Al,2,"['P4/mmm', 'Pm-3m']"
Ag3Al4,2,"['I4/mmm', 'P-1']"
Ag3Ge,2,"['Imm2', 'Pmmm']"
Ag3K,2,"['I4/mmm', 'Immm']"
Ag3Mn,2,"['I4/mmm', 'P4/mmm']"
Ag3Ni,2,"['Pm-3m', 'Pmm2']"
Ag4Al,2,"['I4/m', 'Immm']"
Ag4Al6,2,"['P1', 'R-3c']"
Ag4Ba2,2,"['Cmcm', 'Imma']"
Ag4Mn2,2,"['I4/mcm', 'I4_1/amd']"
Ag4Nb2,2,"['Cm', 'Fd-3m']"
Ag4Pt7,2,"['P-1', 'P1']"
Ag4Pt8,2,"['P-1', 'Pnma']"
Ag4Sn,2,"['I4/m', 'I4/mmm']"
Ag4Sn2,2,"['I4/mcm', 'I4_1/amd']"
Ag5Pt5,2,"['P-1', 'P1']"
Ag5Pt7,2,"['Imm2', 'Pmm2']"
Ag6Al6,2,"['Cmm2', 'I4mm']"
Ag6Pt6,2,"['Cmcm', 'P-1']"
AgAl3,2,"['I4/mmm', 'P4/mmm']"
AgEu,2,"['P4/mmm', 'Pm-3m']"
AgFe2,2,"['Fmmm', 'Immm']"
AgGa5,2,"['Amm2', 'Cmmm']"
AgIn3,2,"['I4/mmm', 'Pmm2']"
AgNb3,2,"['Fm-3m', 'Pmm2']"
AgP,2,"['F-43m', 'Pm-3m']"
AgSn2,2,"['I4/mmm', 'P4/mmm']"
AgSr,2,"['P-6m2', 'Pm-3m']"
AgSr3,2,"['Fm-3m', 'P4/mmm']"
AgTa3,2,"['Fm-3m', 'Pm-3m']"
Al2Ba4,2,"['I4/mcm', 'I4_1/amd']"
Al2Cu4,2,"['Cmcm', 'Pnnm']"
Al2Cu6,2,"['Cmcm', 'Pmmn']"
Al2Fe2,2,"['Cmcm', 'Pmmn']"
Al2In,2,"['I4/mmm', 'P4/mmm']"
Al2In2,2,"['I4_1/amd', 'P4/nmm']"
Al2Mn4,2,"['Fd-3m', 'I4_1/amd']"
Al2Pt4,2,"['I4/mcm', 'Pnnm']"
Al2Rh,2,"['I4/mmm', 'P4/mmm']"
Al2Rh2,2,"['Cmcm', 'Pmmn']"
Al2Sb2,2,"['Imma', 'P4/nmm']"
Al2Sb4,2,"['I4_1/amd', 'Pnnm']"
Al2Sn4,2,"['C2/m', 'Pnnm']"
Al2Sn6,2,"['Cmcm', 'Pmmn']"
Al2Sr6,2,"['Cmcm', 'Pmmn']"
Al2Ta2,2,"['I4_1/amd', 'P6_3/mmc']"
Al2V6,2,"['I4/mmm', 'Pm-3n']"
Al3Ca,2,"['Fm-3m', 'Pm-3m']"
Al3Cr,2,"['I4/mmm', 'Pm-3m']"
Al3Cs,2,"['Fm-3m', 'Pm-3m']"
Al3K,2,"['Fm-3m', 'P4/mmm']"
Al3Rh,2,"['P4/mmm', 'Pmmm']"
Al3Ta,2,"['I4/mmm', 'P4/mmm']"
Al4Br2,2,"['P4_2/mnm', 'Pnnm']"
Al4In,2,"['I4/mmm', 'Im-3m']"
Al4P2,2,"['I4/mcm', 'I4_1/amd']"
Al4Pd6,2,"['Fdd2', 'R-3c']"
Al4Pt2,2,"['Cmcm', 'I4/mcm']"
Al4Sn2,2,"['Cm', 'Pnnm']"
Al5Fe,2,"['Amm2', 'Cmmm']"
Al5Sb,2,"['Cmmm', 'P4/mmm']"
Al6Ge2,2,"['P6_3/mmc', 'Pm-3n']"
Al6Rh6,2,"['I4/mmm', 'Pmmm']"
AlBa2,2,"['I4/mmm', 'P4/mmm']"
AlBa3,2,"['I4/mmm', 'P4/mmm']"
AlBr3,2,"['Fm-3m', 'P4/mmm']"
AlCu2,2,"['I4/mmm', 'Immm']"
AlIn3,2,"['Imm2', 'Pmm2']"
AlK3,2,"['Fm-3m', 'P4/mmm']"
AlMo3,2,"['Fm-3m', 'Immm']"
AlNi3,2,"['I4/mmm', 'Immm']"
AlP,2,"['Fm-3m', 'P4/mmm']"
AlPd2,2,"['I4/mmm', 'P4/mmm']"
AlRh3,2,"['P4/mmm', 'Pmmm']"
AlTa2,2,"['I4/mmm', 'P4/mmm']"
As2Br6,2,"['I4/mmm', 'Pm-3n']"
As4Br,2,"['I4/mmm', 'Im-3m']"
As4Br12,2,"['P2_12_12_1', 'Pnma']"
AsBr,2,"['P4/mmm', 'Pm-3m']"
AsBr2,2,"['I4/mmm', 'P4/mmm']"
AsBr3,2,"['P4/mmm', 'Pm-3m']"
AsBr5,2,"['Cmmm', 'P4/mmm']"
Au2Cu,2,"['I4/mmm', 'P4/mmm']"
Au2Nb3,2,"['C2/m', 'I4/mmm']"
Au2Nb4,2,"['C2/m', 'Cmcm']"
Au2Sb2,2,"['Cmcm', 'Fd-3m']"
Au3Br,2,"['Immm', 'P4/mmm']"
Au3Ga,2,"['I4/mmm', 'P4/mmm']"
Au3K,2,"['Immm', 'Pmm2']"
Au3Mn,2,"['I4/mmm', 'P4/mmm']"
Au3Nb,2,"['C2/m', 'Pmmm']"
Au3Sr,2,"['Fm-3m', 'Pm-3m']"
Au4As2,2,"['Cmcm', 'I4/mcm']"
Au5Sb,2,"['Amm2', 'F-43m']"
Au6Mn2,2,"['Cmcm', 'I4/mmm']"
AuCu,2,"['Pm-3m', 'R-3m']"
AuCu3,2,"['P4/mmm', 'Pm-3m']"
AuGa,2,"['F-43m', 'P-6m2']"
AuNi3,2,"['Imm2', 'Pmmm']"
AuP,2,"['F-43m', 'Immm']"
AuPa,2,"['Fm-3m', 'P-6m2']"
AuSb,2,"['F-43m', 'Fm-3m']"
AuSr,2,"['F-43m', 'Pm-3m']"
AuU,2,"['Fm-3m', 'Pm-3m']"
AuYb,2,"['Fm-3m', 'Pm-3m']"
Ba2As4,2,"['Cmcm', 'I4_1/amd']"
Ba2Cu4,2,"['Cmcm', 'I4/mcm']"
Ba2Ir2,2,"['Cmcm', 'Pmma']"
Ba2Pd4,2,"['Cmcm', 'Immm']"
Ba2Sn2,2,"['Cmcm', 'Pmma']"
Ba2Sn4,2,"['Cmcm', 'Imma']"
Ba2V2,2,"['I4_1/amd', 'P4/nmm']"
Ba2W2,2,"['Cmcm', 'Imma']"
Ba3Ir,2,"['Fm-3m', 'Pm-3m']"
Ba3Sr,2,"['Immm', 'Pmm2']"
Ba3Ta,2,"['Immm', 'P4/mmm']"
Ba3W,2,"['Pmm2', 'Pmmm']"
Ba4Ca2,2,"['Cmcm', 'I4_1/amd']"
Ba4Cu2,2,"['Cmc2_1', 'Pnnm']"
Ba4In2,2,"['C2/m', 'I4/mcm']"
Ba4Ta2,2,"['Cmcm', 'Pnnm']"
Ba5P,2,"['F-43m', 'P4/mmm']"
Ba5V,2,"['Cm', 'P4/mmm']"
Ba6Ga2,2,"['Cmcm', 'Pmmn']"
Ba8Cu4,2,"['Pa-3', 'Pnma']"
BaAs,2,"['Fm-3m', 'P4/mmm']"
BaBr2,2,"['Fmmm', 'I4/mmm']"
BaCu,2,"['Immm', 'Pm-3m']"
BaCu3,2,"['I4/mmm', 'Pmmm']"
BaCu5,2,"['Amm2', 'Cmmm']"
BaIn3,2,"['C2/m', 'P4/mmm']"
BaIr,2,"['F-43m', 'P4/mmm']"
BaIr2,2,"['Fm-3m', 'Fmmm']"
BaIr3,2,"['Fm-3m', 'Pm-3m']"
BaPb3,2,"['P4/mmm', 'Pmmm']"
BaPd5,2,"['Amm2', 'P6/mmm']"
BaRh3,2,"['P4/mmm', 'Pmmm']"
Ca2Cu2,2,"['Cmcm', 'P4/nmm']"
Ca2Rh,2,"['I4/mmm', 'P4/mmm']"
Ca2Rh4,2,"['I4/mcm', 'I4_1/amd']"
Ca3Mo,2,"['Cmmm', 'Imm2']"
Ca3Pb,2,"['Immm', 'Pmm2']"
Ca3W,2,"['Fm-3m', 'P4/mmm']"
CaBr3,2,"['Immm', 'Pm-3m']"
CaCu,2,"['F-43m', 'P4/mmm']"
CaNb3,2,"['Fm-3m', 'Pm-3m']"
CaP,2,"['Fm-3m', 'Immm']"
CaSb,2,"['P-6m2', 'P4/mmm']"
CaTa,2,"['Fm-3m', 'Pm-3m']"
CeBi,2,"['P-6m2', 'Pm-3m']"
Cr2As4,2,"['C2/m', 'I4_1/amd']"
Cr2Na2,2,"['Cmme', 'Pmmn']"
Cr2Nb4,2,"['Fd-3m', 'Pnnm']"
Cr2Rh2,2,"['I4_1/amd', 'P4/nmm']"
Cr2Ta2,2,"['Imma', 'P4/nmm']"
Cr3Na,2,"['Cmmm', 'Immm']"
Cr3Rh,2,"['P4/mmm', 'Pm-3m']"
Cr3Sn,2,"['I4/mmm', 'P4/mmm']"
Cr3Ta,2,"['Cmmm', 'Immm']"
Cr5Nb,2,"['Cmmm', 'F-43m']"
Cr6Ta2,2,"['Cmcm', 'Pmmn']"
CrNa3,2,"['Cmmm', 'Immm']"
CrNb,2,"['Fm-3m', 'Pm-3m']"
CrNb2,2,"['Fm-3m', 'Fmmm']"
CrRh2,2,"['I4/mmm', 'P4/mmm']"
CrU,2,"['Fm-3m', 'R-3m']"
CsCu,2,"['Fm-3m', 'Pm-3m']"
CsIr,2,"['P-6m2', 'R-3m']"
CsMn,2,"['Fm-3m', 'P-6m2']"
CsW,2,"['F-43m', 'P-6m2']"
Cu2Fe,2,"['Fmmm', 'I4/mmm']"
Cu2Fe2,2,"['Fd-3m', 'Imma']"
Cu2Ga4,2,"['Cmcm', 'Pnnm']"
Cu2Mn,2,"['I4/mmm', 'Immm']"
Cu2Ni2,2,"['Cmcm', 'Pmmn']"
Cu3Br,2,"['I4/mmm', 'Pmm2']"
Cu3Ta,2,"['Immm', 'P4/mmm']"
Cu4Ge2,2,"['I4_1/amd', 'Pnnm']"
Cu4Pt7,2,"['P-1', 'P1']"
Cu5Mn,2,"['Amm2', 'F-43m']"
Cu5Pt5,2,"['P-1', 'P1']"
Cu5W,2,"['Cmmm', 'F-43m']"
Cu6Pt4,2,"['P-1', 'P1']"
Cu6Pt5,2,"['P-1', 'P1']"
Cu6Pt6,2,"['P-1', 'P1']"
Cu8Ta4,2,"['Pa-3', 'Pnma']"
CuBr3,2,"['Imm2', 'Pmm2']"
CuFe,2,"['F-43m', 'Fm-3m']"
CuFe2,2,"['Fmmm', 'Immm']"
CuGa,2,"['F-43m', 'P-6m2']"
CuIn,2,"['F-43m', 'Fm-3m']"
CuK,2,"['P-6m2', 'Pm-3m']"
CuMo,2,"['F-43m', 'P-6m2']"
CuPb,2,"['F-43m', 'P-6m2']"
CuPb3,2,"['Immm', 'P4/mmm']"
CuSb3,2,"['I4/mmm', 'P4/mmm']"
CuTh,2,"['F-43m', 'P-6m2']"
CuW,2,"['F-43m', 'Pm-3m']"
CuW3,2,"['Cmmm', 'Pm-3m']"
CuYb,2,"['P-6m2', 'Pm-3m']"
EuMn,2,"['P-6m2', 'R-3m']"
EuNb,2,"['P-6m2', 'R-3m']"
Fe2As,2,"['I4/mmm', 'P4/mmm']"
Fe2Ga4,2,"['I4/mcm', 'I4_1/amd']"
Fe2Ir,2,"['I4/mmm', 'P4/mmm']"
Fe2Mo,2,"['Fm-3m', 'Fmmm']"
Fe2Pb4,2,"['I4/mcm', 'Pnnm']"
Fe2Pt2,2,"['Cmcm', 'P4/nmm']"
Fe2Sr6,2,"['I4/mmm', 'P6_3/mmc']"
Fe2W4,2,"['Cmcm', 'I4/mcm']"
Fe3Ga,2,"['I4/mmm', 'P4/mmm']"
Fe3Mn,2,"['I4/mmm', 'Pm-3m']"
Fe3W,2,"['Fm-3m', 'Immm']"
Fe4Pb,2,"['I4/mmm', 'Im-3m']"
Fe4Pb8,2,"['Pa-3', 'Pnma']"
Fe4Pd8,2,"['Pa-3', 'Pnma']"
Fe5Pd,2,"['Cmmm', 'F-43m']"
Fe6Sb2,2,"['Cmcm', 'Pmmn']"
Fe8W4,2,"['Pa-3', 'Pnma']"
FeAs3,2,"['Imm2', 'Pmm2']"
FeBr3,2,"['Fm-3m', 'Imm2']"
FeGe,2,"['P-6m2', 'Pm-3m']"
FeIr2,2,"['I4/mmm', 'P4/mmm']"
FeIr3,2,"['I4/mmm', 'P4/mmm']"
FeMo3,2,"['Immm', 'P4/mmm']"
FeNa,2,"['Fm-3m', 'Pm-3m']"
FeNa3,2,"['P4/mmm', 'Pm-3m']"
FeNi,2,"['Fm-3m', 'P-6m2']"
FeP5,2,"['Amm2', 'Cmmm']"
FeSb,2,"['P-6m2', 'R-3m']"
FeW,2,"['P-6m2', 'P4/mmm']"
Ga2As2,2,"['I4_1/amd', 'P4/nmm']"
Ga2Ge2,2,"['Cmcm', 'Pmmn']"
Ga2Mn4,2,"['Fd-3m', 'I4_1/amd']"
Ga2P,2,"['Fm-3m', 'I4/mmm']"
Ga3K,2,"['Cmmm', 'Pmm2']"
Ga3Na,2,"['I4/mmm', 'P4/mmm']"
Ga3Rh,2,"['I4/mmm', 'P4/mmm']"
Ga6Sb2,2,"['Cmcm', 'Pmmn']"
Ga8Pt16,2,"['Fd-3m', 'Pmma']"
GaIn,2,"['Fm-3m', 'Pm-3m']"
GaMn3,2,"['P4/mmm', 'Pm-3m']"
GaNa3,2,"['I4/mmm', 'P4/mmm']"
GaNp,2,"['P-6m2', 'R-3m']"
Ge2Br2,2,"['I4_1/amd', 'P4/nmm']"
Ge2P2,2,"['C2/m', 'Cmcm']"
Ge3Br,2,"['Fm-3m', 'P4/mmm']"
GeAs,2,"['Immm', 'P-6m2']"
In2Br2,2,"['Cmcm', 'P4/nmm']"
In2Br4,2,"['C2/m', 'Cmcm']"
In2Sn,2,"['I4/mmm', 'P4/mmm']"
In2Sn2,2,"['C2/m', 'Cmcm']"
In2Ta2,2,"['Fd-3m', 'Pmma']"
In3Sr,2,"['Imm2', 'Pm-3m']"
In3W,2,"['C2/m', 'Fm-3m']"
In4Br2,2,"['C2/m', 'Cmcm']"
In4Sn2,2,"['C2/m', 'Cm']"
In5Br,2,"['Amm2', 'Cm']"
In5Sn,2,"['Cm', 'P4/mmm']"
InBr3,2,"['Immm', 'P4/mmm']"
InK,2,"['Pm-3m', 'R-3m']"
InK2,2,"['Fm-3m', 'Immm']"
InMo,2,"['Fm-3m', 'R-3m']"
InNb,2,"['Fm-3m', 'Pm-3m']"
InNp,2,"['Fm-3m', 'R-3m']"
InP,2,"['Pm-3m', 'R-3m']"
InPd,2,"['P-6m2', 'Pm-3m']"
InPt,2,"['Fm-3m', 'Pm-3m']"
InRh,2,"['Fm-3m', 'Pm-3m']"
InRh3,2,"['Fm-3m', 'P4/mmm']"
InSb,2,"['Fm-3m', 'P4/mmm']"
InSb2,2,"['I4/mmm', 'P4/mmm']"
InTa3,2,"['P4/mmm', 'Pmm2']"
InTh,2,"['P4/mmm', 'R-3m']"
InW3,2,"['P2/m', 'Pmm2']"
Ir2Mo,2,"['Fmmm', 'Immm']"
Ir2Na2,2,"['Imma', 'Pmmn']"
Ir2Ta4,2,"['Imma', 'Pnnm']"
Ir2V,2,"['I4/mmm', 'P4/mmm']"
Ir2W2,2,"['I4_1/amd', 'P4/nmm']"
Ir3As,2,"['P4/mmm', 'Pm-3m']"
Ir3Ni,2,"['Fm-3m', 'Imm2']"
Ir3V,2,"['I4/mmm', 'P4/mmm']"
Ir3W,2,"['Cmmm', 'Pmm2']"
Ir4Ta2,2,"['Imma', 'Pnnm']"
IrMn3,2,"['P4/mmm', 'Pm-3m']"
IrP,2,"['Pm-3m', 'R-3m']"
IrTa5,2,"['C2/m', 'Cmmm']"
IrV3,2,"['I4/mmm', 'P4/mmm']"
K2As2,2,"['Imma', 'P4/nmm']"
K2Ge2,2,"['Cmcm', 'Imma']"
K2P2,2,"['Cmcm', 'I4_1/amd']"
K2Sn2,2,"['Cmcm', 'Pmmn']"
K3Na,2,"['I4/mmm', 'P4/mmm']"
K3V,2,"['Imm2', 'Pmm2']"
KAs3,2,"['I4/mmm', 'P4/mmm']"
KP,2,"['F-43m', 'P4/mmm']"
KP2,2,"['Fm-3m', 'Fmmm']"
KSn3,2,"['P4/mmm', 'Pm-3m']"
KTa2,2,"['Fmmm', 'I4/mmm']"
Mn2Ta4,2,"['I4/mcm', 'Pnnm']"
Mn3Rh,2,"['P4/mmm', 'Pmmm']"
Mn3Sn,2,"['I4/mmm', 'P4/mmm']"
Mn3Ta,2,"['Immm', 'P4/mmm']"
Mn3W,2,"['Fm-3m', 'Pm-3m']"
Mn6W2,2,"['Pm-3n', 'Pmmn']"
MnNb,2,"['F-43m', 'Fm-3m']"
MnNi,2,"['F-43m', 'P-6m2']"
MnRh3,2,"['P4/mmm', 'Pmmm']"
MnSb2,2,"['I4/mmm', 'Immm']"
MnW3,2,"['Pm-3m', 'Pmmm']"
Mo2Nb,2,"['Fmmm', 'I4/mmm']"
Mo2P,2,"['Fm-3m', 'I4/mmm']"
Mo2Pb2,2,"['Cmcm', 'Cmme']"
Mo2Pb4,2,"['Cm', 'Cmcm']"
Mo2Sr2,2,"['Imma', 'P4/nmm']"
Mo3Nb,2,"['Immm', 'Pm-3m']"
Mo3P,2,"['Fm-3m', 'P4/mmm']"
Mo3V,2,"['Immm', 'Pm-3m']"
Mo3W3,2,"['C2/m', 'Cm']"
Mo4P8,2,"['I4_1/amd', 'Pa-3']"
Mo5W,2,"['Cmmm', 'P4/mmm']"
MoBr3,2,"['Imm2', 'Pmm2']"
MoI,2,"['F-43m', 'Fm-3m']"
MoNb2,2,"['I4/mmm', 'Immm']"
MoP,2,"['Fm-3m', 'Pm-3m']"
MoP3,2,"['P4/mmm', 'Pm-3m']"
MoRh2,2,"['I4/mmm', 'Immm']"
MoW,2,"['P-6m2', 'Pm-3m']"
MoW2,2,"['I4/mmm', 'Immm']"
MoW3,2,"['P4/mmm', 'Pmm2']"
MoW5,2,"['Cmmm', 'F-43m']"
Na2Pb2,2,"['Imma', 'Pmmn']"
Na2Pd,2,"['Fmmm', 'Immm']"
Na2Pt,2,"['I4/mmm', 'P4/mmm']"
Na2Pt4,2,"['Cmcm', 'I4/mcm']"
Na3Pd,2,"['Imm2', 'Immm']"
Na3Rh,2,"['Cmmm', 'Immm']"
Na4Pb2,2,"['Cmcm', 'Fd-3m']"
Na4Pt8,2,"['I4_1/amd', 'Pnma']"
Na5Pt,2,"['Cmmm', 'F-43m']"
NaP,2,"['Cmmm', 'P-6m2']"
NaPb,2,"['P-6m2', 'Pm-3m']"
NaPt2,2,"['I4/mmm', 'P4/mmm']"
NaPt3,2,"['Fm-3m', 'P4/mmm']"
NaSr,2,"['P4/mmm', 'Pm-3m']"
Nb10Ge6,2,"['I4/mcm', 'P6_3/mcm']"
Nb2Pb4,2,"['Cmcm', 'Pnnm']"
Nb2V4,2,"['I4/mcm', 'I4_1/amd']"
Nb2W,2,"['I4/mmm', 'Immm']"
Nb6Pt2,2,"['Cmcm', 'Pm-3n']"
NbBr3,2,"['Immm', 'P4/mmm']"
Ni2Ge4,2,"['Cmcm', 'Pnnm']"
Ni2P2,2,"['Cmcm', 'P4/nmm']"
Ni2P4,2,"['Cmcm', 'I4/mcm']"
Ni2Pb2,2,"['P6_3/mmc', 'P6_3mc']"
Ni2Rh4,2,"['Cmmm', 'Fd-3m']"
Ni2Sb,2,"['I4/mmm', 'P4/mmm']"
Ni2Sb4,2,"['I4/mcm', 'Pnnm']"
Ni2Sn2,2,"['P4/nmm', 'Pmmn']"
Ni2Ta,2,"['Fm-3m', 'I4/mmm']"
NiAs3,2,"['Fm-3m', 'P4/mmm']"
NiGe2,2,"['I4/mmm', 'P4/mmm']"
NiPt,2,"['P-6m2', 'P4/mmm']"
NiRh,2,"['P-6m2', 'R-3m']"
NpPd,2,"['P-6m2', 'R-3m']"
NpYb,2,"['P4/mmm', 'R-3m']"
P3As,2,"['Fm-3m', 'Pm-3m']"
Pb2As4,2,"['Cmcm', 'Pnnm']"
Pb2Sr2,2,"['Cmcm', 'Pmma']"
Pb2V2,2,"['Imma', 'P4/nmm']"
Pb2V4,2,"['Cmcm', 'Fd-3m']"
Pb3Sr,2,"['I4/mmm', 'Pm-3m']"
Pb4V4,2,"['P2_13', 'Pnma']"
Pb6As2,2,"['Pm-3n', 'Pmmn']"
PbGe,2,"['Fm-3m', 'P4/mmm']"
PbP3,2,"['I4/mmm', 'P4/mmm']"
PbSb,2,"['Cmmm', 'P4/mmm']"
PbSb3,2,"['I4/mmm', 'Immm']"
PbTa3,2,"['I4/mmm', 'P4/mmm']"
Pd2Rh2,2,"['Cmme', 'P4/nmm']"
Pd2V2,2,"['Cmcm', 'Pmma']"
Pd2W,2,"['I4/mmm', 'Immm']"
Pd2W2,2,"['Cmcm', 'Cmme']"
Pd3Sb,2,"['Immm', 'Pmm2']"
Pd3Ta,2,"['I4/mmm', 'P4/mmm']"
Pd4As2,2,"['Cmcm', 'Pnnm']"
PdAs3,2,"['Imm2', 'Pmm2']"
PdRh2,2,"['I4/mmm', 'P4/mmm']"
PdRh4,2,"['I4/m', 'I4/mmm']"
Pt2As,2,"['I4/mmm', 'P4/mmm']"
Pt2Sn2,2,"['I4_1/amd', 'P4/nmm']"
Pt6As2,2,"['Cmcm', 'I4/mmm']"
PtAs3,2,"['P4/mmm', 'Pmmm']"
PtSm,2,"['F-43m', 'Pm-3m']"
PtTh,2,"['P-6m2', 'R-3m']"
PtYb,2,"['Fm-3m', 'R-3m']"
RbTa,2,"['Fm-3m', 'P-6m2']"
RbU,2,"['Fm-3m', 'P-6m2']"
RbW,2,"['F-43m', 'P4/mmm']"
Rh2W2,2,"['Pmma', 'Pmmn']"
Rh3As,2,"['Cmmm', 'Pmmm']"
Rh4W2,2,"['I4/mcm', 'I4_1/amd']"
RhBr,2,"['P-6m2', 'R-3m']"
RhSb,2,"['F-43m', 'Pm-3m']"
RhV,2,"['F-43m', 'P-6m2']"
RhYb,2,"['P-6m2', 'Pm-3m']"
Sb2Ge2,2,"['Imma', 'P4/nmm']"
Sb4Ge2,2,"['Cmcm', 'I4/mcm']"
Sb5Ge,2,"['Amm2', 'Cmmm']"
Sb6Ge2,2,"['Cmcm', 'Pmmn']"
SbGe,2,"['Cmmm', 'Pm-3m']"
SbP,2,"['Fm-3m', 'Pm-3m']"
SmSb,2,"['P-6m2', 'R-3m']"
Sn2P4,2,"['Fd-3m', 'Pnnm']"
Sn2W,2,"['I4/mmm', 'P4/mmm']"
Sn3W,2,"['Imm2', 'Pmmm']"
SnP,2,"['F-43m', 'Fm-3m']"
SnP3,2,"['Fm-3m', 'Im-3m']"
SnSb,2,"['F-43m', 'Pm-3m']"
SnW,2,"['Cmmm', 'F-43m']"
SrBi,2,"['P-6m2', 'P4/mmm']"
SrBr,2,"['Fm-3m', 'P-6m2']"
Ta2Ge2,2,"['Cmcm', 'P4/nmm']"
Ta2Sb2,2,"['Cmcm', 'I4_1/amd']"
Ta2V2,2,"['Cmcm', 'Imma']"
TaSb3,2,"['Cmmm', 'P4/mmm']"
V2W,2,"['Fm-3m', 'Immm']"
V3Ge,2,"['I4/mmm', 'P4/mmm']"
V4W2,2,"['I4_1/amd', 'Pnnm']"
VBr3,2,"['I4/mmm', 'P4/mmm']"
VW2,2,"['I4/mmm', 'Immm']"
W3Sb,2,"['Fm-3m', 'Pmm2']"
W4Sb2,2,"['Cmcm', 'Pnnm']"
W5Sb,2,"['Cmmm', 'F-43m']"
WAs2,2,"['I4/mmm', 'P4/mmm']"
WAs3,2,"['Imm2', 'P4/mmm']"
WP,2,"['F-43m', 'Pm-3m']"
Ac2Al6,1,['P6_3/mmc']
Ac3Fe,1,['Fm-3m']
Ac3I,1,['Pm-3m']
Ac3Mn,1,['I4/mmm']
Ac3Yb,1,['Fm-3m']
Ac4Bi6,1,['R-3c']
Ac4Br6,1,['R-3c']
Ac4I6,1,['R-3c']
AcAl3,1,['I4/mmm']
AcBi,1,['P-6m2']
AcBi3,1,['Pm-3m']
AcBr,1,['P-6m2']
AcEu,1,['P-6m2']
AcK,1,['P-6m2']
AcMn,1,['P4/mmm']
AcMo,1,['Pm-3m']
AcNa,1,['Pm-3m']
AcNb,1,['Fm-3m']
AcNp,1,['P-6m2']
AcP,1,['Pm-3m']
AcPa,1,['Fm-3m']
AcPb,1,['P-6m2']
AcPd,1,['P-6m2']
AcRb,1,['Fm-3m']
AcSb,1,['Fm-3m']
AcSn,1,['P4/mmm']
AcTh,1,['P-6m2']
AcTh3,1,['Pm-3m']
AcV,1,['Pm-3m']
AcV3,1,['I4/mmm']
Ag10Fe6,1,['I4/mcm']
Ag12Br12,1,['Pbcm']
Ag12Br4,1,['Pnma']
Ag12P17,1,['I-43m']
Ag14Ca4,1,['Cmcm']
Ag14Yb4,1,['Cmcm']
Ag24Al5,1,['I-43m']
Ag2Al,1,['I4/mmm']
Ag2Al6,1,['I4/mmm']
Ag2Au2,1,['Cmme']
Ag2Ba2,1,['Cmcm']
Ag2Br2,1,['P2_1/m']
Ag2Br6,1,['I4/mmm']
Ag2Ca,1,['I4/mmm']
Ag2Ca4,1,['I4/mcm']
Ag2Cu,1,['I4/mmm']
Ag2Ga,1,['Immm']
Ag2Ga4,1,['Cmcm']
Ag2Ge4,1,['Pnnm']
Ag2Ge6,1,['Cmcm']
Ag2In2,1,['P4/nmm']
Ag2In4,1,['I4/mcm']
Ag2Ir4,1,['Fd-3m']
Ag2Mn2,1,['P4/nmm']
Ag2Mo2,1,['Pmma']
Ag2Na,1,['Immm']
Ag2Nb,1,['Immm']
Ag2Nb2,1,['Cmcm']
Ag2P,1,['Fm-3m']
Ag2P2,1,['Imma']
Ag2Sn,1,['I4/mmm']
Ag2Sn2,1,['P4/nmm']
Ag2Sn4,1,['I4_1/amd']
Ag2Ta4,1,['Fd-3m']
Ag3Al5,1,['P1']
Ag3Au,1,['Cmmm']
Ag3Ca,1,['P4/mmm']
Ag3In,1,['P4/mmm']
Ag3Mo,1,['P4/mmm']
Ag3Na5,1,['Cmmm']
Ag3Nb3,1,['Cm']
Ag3P,1,['Pm-3m']
Ag3Pb,1,['Imm2']
Ag3Pt9,1,['Immm']
Ag3Sn,1,['P4/mmm']
Ag3Sr,1,['Pm-3m']
Ag3Ta,1,['Fm-3m']
Ag3Th,1,['Pm-3m']
Ag3V,1,['I4/mmm']
Ag4Al3,1,['I4/mmm']
Ag4Al5,1,['I4/mmm']
Ag4Al8,1,['P-1']
Ag4Ba6,1,['Fdd2']
Ag4Ba8,1,['Pnma']
Ag4Br2,1,['Cmcm']
Ag4Fe,1,['I4/m']
Ag4Ge12,1,['Pnma']
Ag4Ge4,1,['Pnma']
Ag4Ge6,1,['Fdd2']
Ag4Ir2,1,['Fd-3m']
Ag4Mo,1,['I4/m']
Ag4Na2,1,['Pnnm']
Ag4Pd6,1,['Fdd2']
Ag4Sn8,1,['I4_1/amd']
Ag4Sr2,1,['Fd-3m']
Ag4W,1,['I4/mmm']
Ag5Al,1,['P4/mmm']
Ag5Al2,1,['I4/mmm']
Ag5Al3,1,['Amm2']
Ag5Al4,1,['P-1']
Ag5Al5,1,['P-1']
Ag5Al7,1,['P-1']
Ag5In,1,['P4/mmm']
Ag5P,1,['F-43m']
Ag5Pt6,1,['P1']
Ag5Sn3,1,['Cmmm']
Ag6Al4,1,['P-1']
Ag6Al5,1,['P-1']
Ag6Fe2,1,['P6_3/mmc']
Ag6P2,1,['Pm-3n']
Ag6Pt3,1,['P-1']
Ag6Pt5,1,['P1']
Ag6V10,1,['I4/mcm']
Ag7Al3,1,['Amm2']
Ag7Al5,1,['P1']
Ag7Pt3,1,['Pmm2']
Ag7Pt5,1,['P1']
Ag7Ta,1,['Fm-3m']
Ag8Au4,1,['I4_1/amd']
Ag8K4,1,['P6_3/mmc']
Ag8Mn,1,['I4/mmm']
Ag8P16,1,['Fd-3m']
Ag8Ta4,1,['Pa-3']
AgAl,1,['P4/mmm']
AgAl4,1,['I4/mmm']
AgAl5,1,['P4/mmm']
AgAs,1,['Fm-3m']
AgAu2,1,['I4/mmm']
AgAu3,1,['Pmm2']
AgAu5,1,['P4/mmm']
AgBa,1,['P4/mmm']
AgBr,1,['Cmmm']
AgBr2,1,['Immm']
AgBr3,1,['Cmmm']
AgCa2,1,['I4/mmm']
AgCu8,1,['I4/mmm']
AgGa3,1,['Pmmm']
AgGe,1,['Cmmm']
AgGe2,1,['Immm']
AgGe3,1,['Immm']
AgGe5,1,['Cmmm']
AgI,1,['F-43m']
AgIn2,1,['P4/mmm']
AgIr,1,['P4/mmm']
AgIr3,1,['Pm-3m']
AgMn,1,['P4/mmm']
AgMn2,1,['I4/mmm']
AgMn3,1,['P4/mmm']
AgMn4,1,['I4/m']
AgMn8,1,['I4/mmm']
AgMo,1,['Pm-3m']
AgMo2,1,['Immm']
AgMo3,1,['P4/mmm']
AgNa2,1,['I4/mmm']
AgNa4,1,['I4/m']
AgNb,1,['Fm-3m']
AgNi2,1,['Immm']
AgP7,1,['Fm-3m']
AgRb,1,['Pm-3m']
AgSn,1,['P4/mmm']
AgSn3,1,['P4/mmm']
AgSn4,1,['I4/mmm']
AgSn8,1,['I4/mmm']
AgSr2,1,['I4/mmm']
AgTa,1,['F-43m']
AgTa7,1,['Fm-3m']
AgTh,1,['Fm-3m']
AgW,1,['Pm-3m']
AgW2,1,['I4/mmm']
Al10Au20,1,['Pnnm']
Al10Ga6,1,['Cmcm']
Al10Ta20,1,['P4_2/mnm']
Al12As17,1,['I-43m']
Al12K12,1,['Pbcm']
Al12Pb12,1,['Pbcm']
Al12Sn4,1,['Pnma']
Al14Th4,1,['Pbam']
Al16As8,1,['Fd-3m']
Al16Cu36,1,['P-43m']
Al16Ge8,1,['Fd-3m']
Al16Mn4,1,['I-43m']
Al17As12,1,['I-43m']
Al18In6,1,['Pmmn']
Al18Pb6,1,['Pmmn']
Al18Pt6,1,['Pmmn']
Al18Rh6,1,['Pmmn']
Al2As,1,['Fm-3m']
Al2Au,1,['I4/mmm']
Al2Ba,1,['I4/mmm']
Al2Ca6,1,['P6_3/mmc']
Al2Fe,1,['I4/mmm']
Al2In4,1,['Cmcm']
Al2In6,1,['Cmcm']
Al2K,1,['I4/mmm']
Al2Mn,1,['Fm-3m']
Al2Mo6,1,['P6_3/mmc']
Al2Na,1,['I4/mmm']
Al2Na2,1,['Cmme']
Al2Nb2,1,['I4_1/amd']
Al2Nb6,1,['P6_3/mmc']
Al2Ni,1,['I4/mmm']
Al2Ni2,1,['Pmmn']
Al2Ni4,1,['Cmcm']
Al2P,1,['I4/mmm']
Al2P2,1,['P4/nmm']
Al2P4,1,['I4/mcm']
Al2Pb4,1,['Pnnm']
Al2Pd,1,['I4/mmm']
Al2Pd2,1,['P4/nmm']
Al2Pd6,1,['Cmcm']
Al2Pt,1,['P4/mmm']
Al2Sb6,1,['Cmcm']
Al2Ta,1,['I4/mmm']
Al2Ta4,1,['Pnnm']
Al2Th,1,['P6/mmm']
Al2Th2,1,['Cmcm']
Al2Th4,1,['I4/mcm']
Al2U2,1,['P6_3/mmc']
Al2V,1,['Fmmm']
Al3Ba,1,['P4/mmm']
Al3Cu,1,['Immm']
Al3Cu2,1,['P-3m1']
Al3Cu5,1,['Cmmm']
Al3Cu9,1,['Pmmm']
Al3Fe,1,['I4/mmm']
Al3Ga,1,['Cmmm']
Al3Ge,1,['Fm-3m']
Al3I,1,['I4/mmm']
Al3Ir,1,['Imm2']
Al3Mn,1,['Pm-3m']
Al3Mo,1,['Pmmm']
Al3Na,1,['Cmmm']
Al3Nb,1,['I4/mmm']
Al3Ni,1,['Imm2']
Al3P,1,['Pm-3m']
Al3Pb,1,['Pm-3m']
Al3Pd,1,['P4/mmm']
Al3Pt5,1,['Cmmm']
Al3Sb5,1,['Cmmm']
Al3Sm,1,['Pm-3m']
Al3Sn3,1,['Cm']
Al3Sn5,1,['Cmmm']
Al3Th,1,['Fm-3m']
Al3V,1,['I4/mmm']
Al42Pd16,1,['I4_1/a']
Al4As2,1,['P4_2/mnm']
Al4Ba,1,['I4/mmm']
Al4Ba3,1,['I4/mmm']
Al4Bi2,1,['P4_2/mnm']
Al4Ce,1,['I4/mmm']
Al4Ce2,1,['P4_2/mnm']
Al4Cr2,1,['P4_2/mnm']
Al4Cu2,1,['Cmcm']
Al4Cu8,1,['Pnma']
Al4Eu2,1,['P4_2/mnm']
Al4Ga2,1,['I4/mcm']
Al4Ga8,1,['Pnma']
Al4Ge8,1,['Pa-3']
Al4I2,1,['P4_2/mnm']
Al4In2,1,['Cmcm']
Al4Ir2,1,['Cmcm']
Al4K5,1,['I4/mmm']
Al4Mn,1,['Im-3m']
Al4Mn8,1,['Pa-3']
Al4Mo12,1,['Pnma']
Al4Mo2,1,['Imma']
Al4Mo4,1,['Pnma']
Al4Ni4,1,['Pnma']
Al4Np2,1,['P4_2/mnm']
Al4Pb2,1,['Pnnm']
Al4Pb8,1,['Pnma']
Al4Pd2,1,['P4_2/mnm']
Al4Pd4,1,['Pnma']
Al4Pt6,1,['Fdd2']
Al4Pt8,1,['Pnma']
Al4Rh2,1,['Imma']
Al4Sb2,1,['I4_1/amd']
Al4Sr2,1,['Pnnm']
Al4Ta5,1,['I4/mmm']
Al4Th2,1,['Fd-3m']
Al4Th6,1,['P4/mbm']
Al4V2,1,['I4_1/amd']
Al5As24,1,['I-43m']
Al5K,1,['P4/mmm']
Al5K4,1,['I4/mmm']
Al5Mn,1,['F-43m']
Al5Mn24,1,['I-43m']
Al5Ni,1,['Amm2']
Al5Pt,1,['Amm2']
Al5Rh7,1,['Fmmm']
Al5Sr,1,['Cmmm']
Al6Ba2,1,['P6_3/mmc']
Al6Br2,1,['Cmcm']
Al6Ca4,1,['Fdd2']
Al6Cu18,1,['Pmmn']
Al6Cu2,1,['Cmcm']
Al6In2,1,['Pmmn']
Al6Mn2,1,['Pm-3n']
Al6Pb18,1,['Pmmn']
Al6Pt4,1,['Fdd2']
Al6Rb2,1,['P6_3/mmc']
Al6Sb2,1,['I4/mmm']
Al6Sr2,1,['Pmmn']
Al7Ge,1,['Fm-3m']
Al8As4,1,['Pa-3']
Al8Fe,1,['I4/mmm']
Al8Mn16,1,['Fd-3m']
Al8Pb4,1,['Pnma']
Al8Sn4,1,['Pnma']
Al8Ta4,1,['I4_1/amd']
Al9Sr5,1,['R-3m']
AlAs3,1,['Fm-3m']
AlBa5,1,['P4/mmm']
AlBa8,1,['I4/mmm']
AlCa3,1,['Immm']
AlCe,1,['Pm-3m']
AlCe3,1,['Pm-3m']
AlCs,1,['P4/mmm']
AlCs3,1,['Fm-3m']
AlCu3,1,['Imm2']
AlCu5,1,['Cmmm']
AlFe,1,['P-6m2']
AlFe2,1,['Fmmm']
AlFe3,1,['Immm']
AlGa,1,['Cmmm']
AlGa2,1,['I4/mmm']
AlGa3,1,['Cmmm']
AlGe,1,['Pm-3m']
AlGe3,1,['Pm-3m']
AlIn5,1,['F-43m']
AlK,1,['Pm-3m']
AlK4,1,['I4/mmm']
AlK5,1,['P4/mmm']
AlMn3,1,['Pm-3m']
AlMn4,1,['Im-3m']
AlMn5,1,['F-43m']
AlMo,1,['Pm-3m']
AlMo2,1,['Fmmm']
AlNa3,1,['I4/mmm']
AlNb,1,['P-6m2']
AlNb2,1,['I4/mmm']
AlNb3,1,['P4/mmm']
AlNb5,1,['P4/mmm']
AlNi,1,['P-6m2']
AlNi5,1,['Amm2']
AlNp3,1,['Fm-3m']
AlP2,1,['I4/mmm']
AlP4,1,['I4/m']
AlPa,1,['P4/mmm']
AlPb3,1,['Fm-3m']
AlPb8,1,['I4/mmm']
AlPd3,1,['P4/mmm']
AlPt2,1,['I4/mmm']
AlPt3,1,['Cmmm']
AlRb,1,['P4/mmm']
AlRh2,1,['I4/mmm']
AlRh4,1,['I4/mmm']
AlSb2,1,['I4/mmm']
AlSb3,1,['Immm']
AlSm,1,['R-3m']
AlSn,1,['Fm-3m']
AlSn3,1,['C2/m']
AlSr5,1,['Cmmm']
AlTa,1,['Fm-3m']
AlTa4,1,['I4/m']
AlTa8,1,['I4/mmm']
AlV,1,['Fm-3m']
AlYb3,1,['Fm-3m']
As16Br4,1,['I23']
As17Br12,1,['I-43m']
As18Br6,1,['Pmmn']
As2Br,1,['I4/mmm']
As2Br2,1,['Fd-3m']
As4Br16,1,['I-43m']
As4Br4,1,['P2_13']
As5Br4,1,['I4/mmm']
As6Br2,1,['Pm-3n']
As8Br4,1,['Pa-3']
AsBr4,1,['Im-3m']
AsBr8,1,['I4/mmm']
AsI,1,['P-6m2']
Au10Ga6,1,['I4/mcm']
Au10Ni6,1,['I4/mcm']
Au12Nb12,1,['Pbcm']
Au12Ni4,1,['Pnma']
Au12Pb4,1,['Pnma']
Au12Sb17,1,['I-43m']
Au12Sb4,1,['Pnma']
Au12Sr17,1,['I-43m']
Au16Sn4,1,['I-43m']
Au16Sr4,1,['I-43m']
Au16Yb20,1,['Pnma']
Au21Ga6,1,['P-62m']
Au24Br5,1,['I-43m']
Au26Ta2,1,['Fm-3c']
Au2As,1,['Fmmm']
Au2As2,1,['P4/nmm']
Au2As4,1,['Pnnm']
Au2Ba6,1,['Pmmn']
Au2Br,1,['I4/mmm']
Au2Cr,1,['P4/mmm']
Au2Fe2,1,['Pmmn']
Au2Fe4,1,['I4/mcm']
Au2Ga4,1,['I4_1/amd']
Au2Ge4,1,['I4/mcm']
Au2In4,1,['Pnnm']
Au2Mn,1,['I4/mmm']
Au2Mn6,1,['Cmcm']
Au2Na4,1,['Fd-3m']
Au2Ni2,1,['Cmcm']
Au2P,1,['I4/mmm']
Au2Pb4,1,['I4_1/amd']
Au2Ta,1,['Fm-3m']
Au2V2,1,['P4/nmm']
Au2V6,1,['Pm-3n']
Au2W4,1,['I4/mcm']
Au3Ba5,1,['Cmmm']
Au3Cr,1,['P4/mmm']
Au3Cu,1,['Pm-3m']
Au3Fe4,1,['I4/mmm']
Au3Ir,1,['Immm']
Au3Na,1,['P4/mmm']
Au3Nb3,1,['Cm']
Au3Ni,1,['Cmmm']
Au3P4,1,['I4/mmm']
Au3Pb,1,['Imm2']
Au3Sb,1,['Pm-3m']
Au3Sn,1,['Fm-3m']
Au3Ta,1,['I4/mmm']
Au3V,1,['Pm-3m']
Au4Ba2,1,['Pnnm']
Au4Fe,1,['I4/m']
Au4Ga,1,['I4/mmm']
Au4In2,1,['Pnnm']
Au4K6,1,['Fdd2']
Au4Mn,1,['Immm']
Au4Mn6,1,['Fdd2']
Au4Na2,1,['Fd-3m']
Au4Ni3,1,['I4/mmm']
Au4Ni8,1,['Pnma']
Au4Sb12,1,['Pnma']
Au4Sr16,1,['I-43m']
Au4Sr2,1,['Imma']
Au4V,1,['Im-3m']
Au4V16,1,['I23']
Au4V2,1,['Cmcm']
Au5Cr4,1,['I4/mmm']
Au5Mn,1,['Cmmm']
Au5Nb,1,['Cmmm']
Au5Nb3,1,['Cmmm']
Au5Ni,1,['Amm2']
Au5Sr24,1,['I-43m']
Au6Ba2,1,['Pmmn']
Au6Ga10,1,['I4/mcm']
Au6K2,1,['Pmmn']
Au6Nb2,1,['Pmmn']
Au6Pb10,1,['I4/mcm']
Au6Sb2,1,['Pm-3n']
Au7Sb,1,['Fm-3m']
Au8Cu16,1,['Fd-3m']
Au8Cu4,1,['I4_1/amd']
Au8In,1,['I4/mmm']
Au8Mn4,1,['Pnma']
Au8Na4,1,['Pa-3']
Au8Rh4,1,['Pnma']
AuAs3,1,['Immm']
AuAs4,1,['I4/mmm']
AuAs5,1,['Cmmm']
AuBa,1,['Pm-3m']
AuBr,1,['Fm-3m']
AuCr2,1,['I4/mmm']
AuCr3,1,['P4/mmm']
AuCs,1,['P-6m2']
AuEu,1,['Fm-3m']
AuFe4,1,['I4/m']
AuGa3,1,['P4/mmm']
AuGa4,1,['I4/mmm']
AuGe,1,['P-6m2']
AuI,1,['P-6m2']
AuIn,1,['P4/mmm']
AuIn8,1,['I4/mmm']
AuIr,1,['F-43m']
AuIr3,1,['Immm']
AuK,1,['Fm-3m']
AuK3,1,['Imm2']
AuMn,1,['P-6m2']
AuMn3,1,['Pmmm']
AuMo,1,['F-43m']
AuNa3,1,['Pm-3m']
AuNb,1,['F-43m']
AuNb2,1,['Immm']
AuNi2,1,['Immm']
AuNi5,1,['Amm2']
AuNp,1,['F-43m']
AuP2,1,['I4/mmm']
AuPb,1,['Fm-3m']
AuPb3,1,['Pmm2']
AuPt,1,['F-43m']
AuRh,1,['Pm-3m']
AuRh2,1,['Immm']
AuRh3,1,['Pmmm']
AuSb2,1,['I4/mmm']
AuSn7,1,['Fm-3m']
AuTa3,1,['Pm-3m']
AuV3,1,['Fm-3m']
AuV5,1,['F-43m']
AuW2,1,['I4/mmm']
AuW4,1,['I4/m']
AuW8,1,['I4/mmm']
Ba12Ir17,1,['I-43m']
Ba16Ir4,1,['I-43m']
Ba16Ir8,1,['Fd-3m']
Ba2Bi3,1,['Immm']
Ba2Br,1,['I4/mmm']
Ba2Br2,1,['P4/nmm']
Ba2Br4,1,['I4/mcm']
Ba2Br6,1,['Pm-3n']
Ba2Ca2,1,['Pmmn']
Ba2Cu,1,['I4/mmm']
Ba2Cu2,1,['Cmcm']
Ba2Cu6,1,['Pmmn']
Ba2Fe,1,['I4/mmm']
Ba2Fe2,1,['P6_3mc']
Ba2Ge,1,['I4/mmm']
Ba2Ge6,1,['I4/mmm']
Ba2In,1,['I4/mmm']
Ba2In2,1,['C2/m']
Ba2Ir,1,['Fm-3m']
Ba2Ir4,1,['Fd-3m']
Ba2Mn2,1,['P4/nmm']
Ba2Na2,1,['P4/nmm']
Ba2Ni2,1,['P6_3mc']
Ba2Ni6,1,['I4/mmm']
Ba2P,1,['I4/mmm']
Ba2Pb,1,['Immm']
Ba2Pd,1,['Fmmm']
Ba2Pd2,1,['Cmcm']
Ba2Pt2,1,['P6_3/mmc']
Ba2Rh2,1,['P4/nmm']
Ba2Sb,1,['Fmmm']
Ba2Sb2,1,['Cmcm']
Ba2Sn6,1,['Cmcm']
Ba2Ta2,1,['Imma']
Ba2Ta4,1,['Cmcm']
Ba2V,1,['I4/mmm']
Ba2V4,1,['I4/mcm']
Ba2W,1,['Immm']
Ba3Br,1,['P4/mmm']
Ba3Cu,1,['P4/mmm']
Ba3Fe,1,['P4/mmm']
Ba3Ga,1,['Pmm2']
Ba3Ga5,1,['Cmmm']
Ba3Ge,1,['P4/mmm']
Ba3In,1,['P4/mmm']
Ba3In3,1,['Cm']
Ba3P,1,['Pm-3m']
Ba3Pt,1,['Pm-3m']
Ba3Rh,1,['Pm-3m']
Ba3Sb,1,['P4/mmm']
Ba3Sn,1,['Immm']
Ba3V,1,['P4/mmm']
Ba4As,1,['I4/m']
Ba4Br,1,['I4/mmm']
Ba4Br8,1,['Pnma']
Ba4Cu,1,['Im-3m']
Ba4Cu8,1,['Pnma']
Ba4Fe2,1,['C2/m']
Ba4In,1,['Im-3m']
Ba4In5,1,['I4/mmm']
Ba4Ir12,1,['Pnma']
Ba4Ir2,1,['Fd-3m']
Ba4Ni2,1,['Cmcm']
Ba4Ni6,1,['R-3c']
Ba4P,1,['Im-3m']
Ba4P2,1,['I4_1/amd']
Ba4P8,1,['I4_1/amd']
Ba4Pd2,1,['Cmcm']
Ba4Rh2,1,['Cmcm']
Ba4Sb2,1,['I4/mcm']
Ba4Sr16,1,['I-43m']
Ba4Sr8,1,['Pnma']
Ba4V2,1,['C2/m']
Ba4W2,1,['Pnnm']
Ba4W4,1,['Pnma']
Ba5Ca,1,['P4/mmm']
Ba5Fe,1,['Cm']
Ba5Ir24,1,['I-43m']
Ba5Pb,1,['Cmmm']
Ba5Pd,1,['Amm2']
Ba5Rh,1,['Cmmm']
Ba5Sn,1,['Cmmm']
Ba5Sn3,1,['Cmmm']
Ba5W,1,['Amm2']
Ba6As2,1,['I4/mmm']
Ba6Ir2,1,['Pm-3n']
Ba6Sn2,1,['Cmcm']
Ba7P,1,['Fm-3m']
Ba8Bi6,1,['I-43d']
Ba8P,1,['I4/mmm']
BaAs4,1,['I4/m']
BaAs8,1,['I4/mmm']
BaBr,1,['F-43m']
BaBr3,1,['P4/mmm']
BaCa3,1,['I4/mmm']
BaCa5,1,['P4/mmm']
BaFe2,1,['I4/mmm']
BaFe3,1,['P4mm']
BaFe4,1,['I4/m']
BaGa4,1,['I4/mmm']
BaGe,1,['Fm-3m']
BaGe2,1,['I4/mmm']
BaGe8,1,['I4/mmm']
BaIn,1,['Pm-3m']
BaIn2,1,['Fm-3m']
BaIn5,1,['P4/mmm']
BaIr5,1,['F-43m']
BaNb3,1,['Immm']
BaNi3,1,['P4mm']
BaP,1,['Fm-3m']
BaP3,1,['Pm-3m']
BaPa,1,['Fm-3m']
BaPd,1,['Cmmm']
BaPd3,1,['Immm']
BaRh2,1,['I4/mmm']
BaSn5,1,['Cmmm']
BaSr7,1,['Fm-3m']
BaTa2,1,['P4/mmm']
BaTa3,1,['P4/mmm']
BaTh,1,['Fm-3m']
BaU,1,['Fm-3m']
BaV2,1,['I4/mmm']
BaV3,1,['P4/mmm']
BaV5,1,['P4/mmm']
BaW5,1,['Amm2']
Bi16I4,1,['C2/m']
BiBr,1,['P-6m2']
BiGe,1,['P4/mmm']
BiI,1,['P4/mmm']
BiP,1,['P-6m2']
Ca10Ge6,1,['I4/mcm']
Ca12Mo4,1,['Pnma']
Ca12P12,1,['Pbcm']
Ca16W4,1,['I-43m']
Ca17Nb12,1,['I-43m']
Ca18Mo6,1,['Pmmn']
Ca2As6,1,['P-1']
Ca2Br2,1,['Fd-3m']
Ca2Cr2,1,['I4_1/amd']
Ca2Cu4,1,['Pnnm']
Ca2Cu6,1,['Pm-3n']
Ca2Ga,1,['I4/mmm']
Ca2Ga2,1,['Cmcm']
Ca2In2,1,['P4/nmm']
Ca2K6,1,['Pm-3n']
Ca2Mo2,1,['Imma']
Ca2Nb,1,['Fm-3m']
Ca2Nb2,1,['Cmcm']
Ca2Nb6,1,['Cmcm']
Ca2P,1,['I4/mmm']
Ca2P2,1,['Cmcm']
Ca2Pb6,1,['Cmcm']
Ca2Pd,1,['I4/mmm']
Ca2Sb,1,['I4/mmm']
Ca2Sb2,1,['Pmma']
Ca2Sb4,1,['Cmcm']
Ca2Sn,1,['I4/mmm']
Ca2Sr,1,['I4/mmm']
Ca2Ta2,1,['I4_1/amd']
Ca2W2,1,['P4/nmm']
Ca3As,1,['P4mm']
Ca3Ga,1,['P4/mmm']
Ca3Ga8,1,['Immm']
Ca3Ir,1,['Fm-3m']
Ca3Mn,1,['Fm-3m']
Ca3Nb,1,['Pm-3m']
Ca3Ni,1,['Fm-3m']
Ca3P5,1,['Cmmm']
Ca3Rh,1,['P4/mmm']
Ca3V,1,['P4/mmm']
Ca4Cr2,1,['I4_1/amd']
Ca4Ge,1,['Im-3m']
Ca4In,1,['I4/m']
Ca4Mn4,1,['P2_13']
Ca4Mo2,1,['Cmcm']
Ca4Nb,1,['Im-3m']
Ca4P2,1,['Pnnm']
Ca4P6,1,['Fdd2']
Ca4Sb2,1,['Imma']
Ca4Ta2,1,['I4/mcm']
Ca4W2,1,['Fd-3m']
Ca4W4,1,['P2_13']
Ca5Cu3,1,['P4/mmm']
Ca5Ga3,1,['Cmmm']
Ca5Ge,1,['F-43m']
Ca5Ge24,1,['I-43m']
Ca5P3,1,['Cmmm']
Ca5Sb4,1,['I4/mmm']
Ca5Sn7,1,['I4mm']
Ca6Cr2,1,['I4/mmm']
Ca6Nb2,1,['Pm-3n']
Ca6P2,1,['Pmmn']
Ca6Ta2,1,['I4/mmm']
Ca7Ge,1,['Fm-3m']
Ca8Br16,1,['Fd-3m']
Ca8In4,1,['Pnma']
CaAs3,1,['Immm']
CaBi,1,['P-6m2']
CaBr,1,['F-43m']
CaCr,1,['Fm-3m']
CaCs,1,['R-3m']
CaFe,1,['Cmmm']
CaGa,1,['Pm-3m']
CaGa4,1,['C2/m']
CaGe3,1,['Fm-3m']
CaI3,1,['Pm-3m']
CaIr3,1,['Pm-3m']
CaK,1,['Fm-3m']
CaMn2,1,['Fmmm']
CaMn3,1,['Fm-3m']
CaMo3,1,['Pmmm']
CaNa3,1,['Imm2']
CaNb4,1,['Im-3m']
CaNi5,1,['P6/mmm']
CaNp,1,['Fm-3m']
CaP5,1,['P4/mmm']
CaPb5,1,['Amm2']
CaRh2,1,['I4/mmm']
CaRh4,1,['I4/m']
CaSb3,1,['Cmmm']
CaSn,1,['Pm-3m']
CaU,1,['Pm-3m']
CaV,1,['P-6m2']
CaW,1,['Pm-3m']
CaW2,1,['I4/mmm']
CaW4,1,['Im-3m']
Ce12Ga8,1,['P4_2/mnm']
Ce20Ir16,1,['Pnma']
Ce2Br6,1,['P6_3/m']
Ce3Sn,1,['Pm-3m']
Ce4Cu4,1,['Pnma']
Ce4Fe34,1,['P6_3/mmc']
Ce4Ge4,1,['Pnma']
Ce4Sb8,1,['Cmce']
CeAs,1,['Fm-3m']
CeBr,1,['F-43m']
CeCu5,1,['P6/mmm']
CeGa2,1,['P6/mmm']
CeGa3,1,['Fm-3m']
CeIn,1,['P-6m2']
CeMo,1,['Fm-3m']
CeNi3,1,['Pm-3m']
CePt,1,['P-6m2']
CeSb,1,['P-6m2']
CeSm,1,['Fm-3m']
CeTa,1,['P-6m2']
CeU,1,['Fm-3m']
CeU3,1,['I4/mmm']
CeV,1,['Pm-3m']
Cr10Nb6,1,['I4/mcm']
Cr12P17,1,['I-43m']
Cr12Ta12,1,['Pbcm']
Cr12Ta4,1,['Pnma']
Cr12W18,1,['P4_2/mnm']
Cr16Nb4,1,['I23']
Cr16W14,1,['P4_2/mnm']
Cr18Ta6,1,['Pmmn']
Cr20W10,1,['P4_2/mnm']
Cr24P5,1,['I-43m']
Cr26Nb2,1,['Fm-3c']
Cr2As,1,['Fmmm']
Cr2As2,1,['P4/nmm']
Cr2Bi2,1,['P6_3mc']
Cr2Na,1,['Immm']
Cr2Na6,1,['Cmcm']
Cr2Nb2,1,['Fd-3m']
Cr2Nb6,1,['Pm-3n']
Cr2Sb2,1,['P6_3/mmc']
Cr2Sn2,1,['P4/nmm']
Cr2Sr2,1,['P4/nmm']
Cr2Ta4,1,['Pnnm']
Cr2Ta6,1,['Cmcm']
Cr2W,1,['I4/mmm']
Cr2W2,1,['P4/nmm']
Cr3Br2,1,['R-3m']
Cr3P,1,['Fm-3m']
Cr3Sr,1,['P4/mmm']
Cr3W,1,['P4/mmm']
Cr4As,1,['I4/m']
Cr4Nb16,1,['I-43m']
Cr4Nb4,1,['P2_13']
Cr4P,1,['Im-3m']
Cr4P8,1,['Pa-3']
Cr4Rh,1,['I4/mmm']
Cr4Rh8,1,['I4_1/amd']
Cr4Sn8,1,['Fddd']
Cr4Sr5,1,['I4/mmm']
Cr4Ta6,1,['Fddd']
Cr5Na,1,['Amm2']
Cr5Nb24,1,['I-43m']
Cr5P24,1,['I-43m']
Cr5Rh,1,['P4/mmm']
Cr5Rh4,1,['I4/mmm']
Cr5Sr4,1,['I4/mmm']
Cr6Ge2,1,['Pm-3n']
Cr6Pb18,1,['Pmmn']
Cr6Pt2,1,['Pm-3n']
Cr6Sr2,1,['I4/mmm']
Cr6Ta18,1,['Pmmn']
Cr7Nb,1,['Fm-3m']
Cr8Nb,1,['I4/mmm']
Cr8P4,1,['Pa-3']
Cr8Pb4,1,['Pnma']
Cr8Rh,1,['I4/mmm']
Cr8Rh4,1,['I4_1/amd']
Cr8Sn,1,['I4/mmm']
Cr8Ta4,1,['Pnma']
Cr9Ga12,1,['C2/m']
CrAs3,1,['I4/mmm']
CrCu,1,['Fm-3m']
CrEu,1,['Fm-3m']
CrGa,1,['Fm-3m']
CrI2,1,['C2/m']
CrIr,1,['Fm-3m']
CrMn,1,['P-6m2']
CrMo,1,['Fm-3m']
CrNa,1,['Cmmm']
CrNb4,1,['I4/m']
CrNb5,1,['F-43m']
CrNi,1,['R-3m']
CrP,1,['Fm-3m']
CrP3,1,['Pm-3m']
CrP7,1,['Fm-3m']
CrPd,1,['Fm-3m']
CrPt3,1,['P4/mmm']
CrRh3,1,['I4/mmm']
CrRh4,1,['I4/mmm']
CrRh8,1,['I4/mmm']
CrSb,1,['F-43m']
CrSb3,1,['Pm-3m']
CrSm,1,['Fm-3m']
CrSn,1,['Pm-3m']
CrSn2,1,['I4/mmm']
CrSn4,1,['I4/m']
CrSr2,1,['I4/mmm']
CrSr3,1,['P4/mmm']
CrTa2,1,['I4/mmm']
CrTa3,1,['Immm']
CrW3,1,['P4/mmm']
CrYb,1,['F-43m']
Cs16Bi16,1,['P2_1/c']
Cs2Fe2,1,['P6_3/mmc']
Cs2Ni6,1,['P6_3/mmc']
Cs3Fe,1,['Fm-3m']
Cs3Sm,1,['Pm-3m']
Cs4I12,1,['Pnma']
Cs8Sb8,1,['P2_12_12_1']
CsAs,1,['Fm-3m']
CsI,1,['P-6m2']
CsNi,1,['Amm2']
CsP,1,['P-6m2']
CsSb,1,['P-6m2']
CsSm,1,['P-6m2']
CsSr,1,['P4/mmm']
CsV,1,['P-6m2']
Cu10Ge6,1,['I4/mcm']
Cu12Ge12,1,['Pbcm']
Cu12Ni17,1,['I-43m']
Cu12Pb12,1,['Pbcm']
Cu16In4,1,['I-43m']
Cu16Ir8,1,['Fd-3m']
Cu16Mn8,1,['Fd-3m']
Cu16Ni4,1,['I-43m']
Cu17In12,1,['I-43m']
Cu17Nb12,1,['I-43m']
Cu18As6,1,['P-3c1']
Cu24As8,1,['I-43d']
Cu24In5,1,['I-43m']
Cu2Br2,1,['Imma']
Cu2Ge,1,['I4/mmm']
Cu2Ge6,1,['I4/mmm']
Cu2I2,1,['P6_3mc']
Cu2In6,1,['Pm-3n']
Cu2Ir2,1,['Fd-3m']
Cu2K2,1,['Pmma']
Cu2K4,1,['Fd-3m']
Cu2Mn2,1,['Cmcm']
Cu2Mo2,1,['Pmmn']
Cu2Na,1,['Immm']
Cu2Ni26,1,['Fm-3c']
Cu2Pb,1,['I4/mmm']
Cu2Pt6,1,['I4/mmm']
Cu2Rh6,1,['Pmmn']
Cu2Sb2,1,['P4/nmm']
Cu2Sb6,1,['Cmcm']
Cu2Sn2,1,['P4/nmm']
Cu2Ta2,1,['P4/nmm']
Cu2Ta4,1,['Cmcm']
Cu2V,1,['I4/mmm']
Cu2W,1,['Immm']
Cu2W2,1,['Cmme']
Cu3Ga,1,['Imm2']
Cu3Ge,1,['Cmmm']
Cu3Ge4,1,['I4/mmm']
Cu3K,1,['Pm-3m']
Cu3Mo,1,['Pmmm']
Cu3Na,1,['Pmmm']
Cu3Na5,1,['Cmmm']
Cu3Sb,1,['Fm-3m']
Cu3Sn,1,['P4/mmm']
Cu3V,1,['Pm-3m']
Cu3W,1,['Cmmm']
Cu44Ni2,1,['Fd-3m']
Cu4As2,1,['P4/nmm']
Cu4Fe,1,['I4/m']
Cu4Fe6,1,['R-3c']
Cu4Fe8,1,['Pa-3']
Cu4Ga5,1,['I4/mmm']
Cu4Ge4,1,['Pnma']
Cu4In16,1,['I-43m']
Cu4Ir,1,['I4/mmm']
Cu4K16,1,['I-43m']
Cu4K2,1,['Fd-3m']
Cu4K8,1,['Pa-3']
Cu4Mn,1,['I4/m']
Cu4Mn8,1,['Pnma']
Cu4Nb2,1,['Fd-3m']
Cu4Nb4,1,['P2_13']
Cu4Ni2,1,['Fd-3m']
Cu4Pd6,1,['Fdd2']
Cu4Pd8,1,['I4_1/amd']
Cu4Pt4,1,['P-1']
Cu4Sn5,1,['I4/mmm']
Cu4Ta4,1,['P2_13']
Cu4V,1,['I4/mmm']
Cu4V2,1,['Cmcm']
Cu4W8,1,['Pa-3']
Cu4Yb2,1,['Imma']
Cu5Br,1,['Cmmm']
Cu5Br3,1,['Cmmm']
Cu5Ge,1,['P4/mmm']
Cu5Ge4,1,['I4/mmm']
Cu5P4,1,['I4/mmm']
Cu5Pb4,1,['I4/mmm']
Cu5Pt7,1,['P1']
Cu5V,1,['F-43m']
Cu6Fe2,1,['Pm-3n']
Cu6Ir2,1,['I4/mmm']
Cu6Ni2,1,['Pm-3n']
Cu6Rh2,1,['Cmcm']
Cu7As,1,['Fm-3m']
Cu7In,1,['Fm-3m']
Cu7Pt5,1,['P1']
Cu8Fe16,1,['Fd-3m']
Cu8Ge,1,['I4/mmm']
Cu8In,1,['I4/mmm']
Cu8In16,1,['Fd-3m']
Cu8Ir16,1,['Fd-3m']
Cu8P4,1,['I4_1/amd']
Cu8Pt4,1,['P-1']
Cu8Sb4,1,['Pa-3']
Cu8Sn,1,['I4/mmm']
Cu8Sn4,1,['I4_1/amd']
CuAs7,1,['Fm-3m']
CuEu,1,['Pm-3m']
CuGa4,1,['I4/m']
CuGe,1,['P4/mmm']
CuGe2,1,['I4/mmm']
CuGe3,1,['P4/mmm']
CuGe5,1,['P4/mmm']
CuI,1,['P-6m2']
CuIn3,1,['Fm-3m']
CuIn5,1,['F-43m']
CuIn7,1,['Fm-3m']
CuIr,1,['F-43m']
CuIr2,1,['I4/mmm']
CuIr3,1,['Pm-3m']
CuIr4,1,['I4/mmm']
CuK4,1,['Im-3m']
CuK7,1,['Fm-3m']
CuMn,1,['P4/mmm']
CuMn2,1,['I4/mmm']
CuMn3,1,['I4/mmm']
CuNb,1,['P4/mmm']
CuNi2,1,['I4/mmm']
CuNi4,1,['Im-3m']
CuNi5,1,['F-43m']
CuP3,1,['Imm2']
CuPb5,1,['Cmmm']
CuRb3,1,['Pm-3m']
CuRh,1,['F-43m']
CuSb2,1,['I4/mmm']
CuSn,1,['F-43m']
CuSr3,1,['P4/mmm']
CuTa,1,['P4/mmm']
CuTa3,1,['Immm']
CuV3,1,['Fm-3m']
CuW2,1,['Immm']
CuW7,1,['Fm-3m']
Eu2Ga4,1,['Imma']
Eu3As,1,['I4/mmm']
Eu3Fe,1,['Fm-3m']
Eu3Pd,1,['Pm-3m']
Eu3Sm,1,['Pm-3m']
Eu4I8,1,['P2_1/c']
Eu8Ge4,1,['Pnma']
EuGa,1,['Pm-3m']
EuGa3,1,['Fm-3m']
EuGe2,1,['P-3m1']
EuNi,1,['Fm-3m']
EuNp,1,['P4/mmm']
EuPt,1,['Fm-3m']
EuSb,1,['P-6m2']
EuTa,1,['Fm-3m']
EuTh,1,['Fm-3m']
EuU,1,['Fm-3m']
Fe10Pb6,1,['Cmcm']
Fe12Mo17,1,['I-43m']
Fe12W12,1,['Pbcm']
Fe16Na4,1,['I-43m']
Fe16Pd8,1,['Fd-3m']
Fe16W8,1,['Fd-3m']
Fe17Pb12,1,['I-43m']
Fe17Pd12,1,['I-43m']
Fe17Th2,1,['R-3m']
Fe18As6,1,['Pmmn']
Fe18Pb6,1,['Pmmn']
Fe24Pb5,1,['I-43m']
Fe26Mo2,1,['Fm-3c']
Fe26Pd2,1,['Fm-3c']
Fe2As2,1,['P4/nmm']
Fe2As4,1,['Pnnm']
Fe2Bi6,1,['P6_3/mmc']
Fe2Br4,1,['Pnnm']
Fe2Ga,1,['I4/mmm']
Fe2Ir2,1,['P4/nmm']
Fe2Mn4,1,['Fd-3m']
Fe2Mo2,1,['P4/nmm']
Fe2Mo4,1,['Fd-3m']
Fe2Mo6,1,['I4/mmm']
Fe2Na2,1,['P4/nmm']
Fe2Na6,1,['P6_3/mmc']
Fe2Nb2,1,['Imma']
Fe2Nb4,1,['Pnnm']
Fe2Nb6,1,['Pm-3n']
Fe2Pb,1,['Fm-3m']
Fe2Pb6,1,['Cmcm']
Fe2Pd2,1,['Fd-3m']
Fe2Pd26,1,['Fm-3c']
Fe2Pt,1,['P4/mmm']
Fe2Sb2,1,['Imma']
Fe2Sb4,1,['I4_1/amd']
Fe2Sb6,1,['P6_3/mmc']
Fe2Ta2,1,['Imma']
Fe2Ta6,1,['P6_3/mmc']
Fe2V,1,['Fmmm']
Fe2V2,1,['Imma']
Fe2V4,1,['Cmcm']
Fe2V6,1,['P6_3/mmc']
Fe2W,1,['P4/mmm']
Fe2W2,1,['I4_1/amd']
Fe3Bi,1,['Pm-3m']
Fe3Ga4,1,['I4/mmm']
Fe3Ge,1,['Pm-3m']
Fe3Ir,1,['P4/mmm']
Fe3Ir4,1,['I4/mmm']
Fe3K,1,['Fm-3m']
Fe3Mo,1,['Pm-3m']
Fe3Mo4,1,['I4/mmm']
Fe3Nb,1,['Fm-3m']
Fe3P,1,['Immm']
Fe3Pa,1,['Fm-3m']
Fe3Sb,1,['Imm2']
Fe3Ta,1,['P4/mmm']
Fe3V4,1,['I4/mmm']
Fe3Yb,1,['Fm-3m']
Fe44Mo2,1,['Fd-3m']
Fe4As,1,['I4/mmm']
Fe4As2,1,['Fd-3m']
Fe4As6,1,['Fdd2']
Fe4Br12,1,['Pnma']
Fe4Ga2,1,['I4/mcm']
Fe4Ga4,1,['Pnma']
Fe4Ir,1,['I4/m']
Fe4Ir8,1,['I4_1/amd']
Fe4Mn4,1,['Pnma']
Fe4Mo16,1,['I-43m']
Fe4Mo8,1,['Pa-3']
Fe4Na,1,['Im-3m']
Fe4Na2,1,['Fd-3m']
Fe4Na4,1,['P2_13']
Fe4Na8,1,['Pa-3']
Fe4Ni,1,['I4/mmm']
Fe4Pb4,1,['Pnma']
Fe4Pb6,1,['Fdd2']
Fe4Pd2,1,['Pnnm']
Fe4Pd6,1,['Fdd2']
Fe4Pt8,1,['I4_1/amd']
Fe4V12,1,['Pnma']
Fe4V2,1,['Cmcm']
Fe5As3,1,['Cmmm']
Fe5Ga4,1,['I4/mmm']
Fe5Ir,1,['P4/mmm']
Fe5Ir4,1,['I4/mmm']
Fe5Mn,1,['Amm2']
Fe5Mo,1,['F-43m']
Fe5Sb,1,['Cmmm']
Fe5Sb3,1,['Cmmm']
Fe5W,1,['Amm2']
Fe6Ga2,1,['Cmcm']
Fe6Ir2,1,['I4/mmm']
Fe6Mo2,1,['Pm-3n']
Fe6Na2,1,['Pm-3n']
Fe6Nb2,1,['I4/mmm']
Fe6P3,1,['P-62m']
Fe6Pd4,1,['Fdd2']
Fe6Sb18,1,['Pmmn']
Fe6Ta10,1,['I4/mcm']
Fe6Ta4,1,['Fdd2']
Fe6V4,1,['Fdd2']
Fe7Ge,1,['Fm-3m']
Fe7Pb,1,['Fm-3m']
Fe8As4,1,['Pa-3']
Fe8Ga4,1,['Pnma']
Fe8Ge16,1,['Cmce']
Fe8Ir,1,['I4/mmm']
Fe8Mo16,1,['Fd-3m']
Fe8Na16,1,['Fd-3m']
Fe8Pb4,1,['Pa-3']
Fe8Pd4,1,['Pa-3']
Fe8Pt,1,['I4/mmm']
Fe8Sb4,1,['Pnma']
Fe8Ta4,1,['I4_1/amd']
FeAs,1,['Pm-3m']
FeBi3,1,['Fm-3m']
FeGa,1,['R-3m']
FeGa2,1,['I4/mmm']
FeGa3,1,['I4/mmm']
FeGe3,1,['Pm-3m']
FeGe7,1,['Fm-3m']
FeI,1,['P-6m2']
FeIn,1,['P-6m2']
FeIr8,1,['I4/mmm']
FeK,1,['R-3m']
FeMn,1,['Pm-3m']
FeMn3,1,['Cmmm']
FeMn5,1,['F-43m']
FeMo,1,['Fm-3m']
FeMo2,1,['I4/mmm']
FeMo5,1,['F-43m']
FeNb,1,['P-6m2']
FeP,1,['R-3m']
FePb2,1,['Fm-3m']
FePb4,1,['I4/mmm']
FePd2,1,['Fm-3m']
FePd4,1,['Im-3m']
FePt,1,['P4/mmm']
FeRb,1,['Amm2']
FeSb3,1,['Immm']
FeSn,1,['R-3m']
FeSr,1,['P-6m2']
FeSr3,1,['P4/mmm']
FeTa,1,['R-3m']
FeTa3,1,['Immm']
FeTh,1,['Fm-3m']
FeU3,1,['Pm-3m']
FeV,1,['P-6m2']
FeV3,1,['Immm']
FeV5,1,['P4/mmm']
FeW2,1,['I4/mmm']
FeW7,1,['Fm-3m']
FeYb3,1,['Pm-3m']
Ga10Mn4,1,['P4/mbm']
Ga10V12,1,['P6_3/mmc']
Ga12Ir6,1,['Cmcm']
Ga12P17,1,['I-43m']
Ga12Pt12,1,['Pbcm']
Ga13Mn13,1,['R-3m']
Ga13Nb5,1,['Cmmm']
Ga14Pt6,1,['Im-3m']
Ga16P8,1,['Fd-3m']
Ga16Pt4,1,['I-43m']
Ga16Pt8,1,['Fd-3m']
Ga24Pt5,1,['I-43m']
Ga2As,1,['I4/mmm']
Ga2Br2,1,['Pmmn']
Ga2Br6,1,['Cmcm']
Ga2Ge6,1,['Pmmn']
Ga2In2,1,['Pmma']
Ga2K,1,['Immm']
Ga2K2,1,['Fd-3m']
Ga2Na,1,['I4/mmm']
Ga2Nb6,1,['Pm-3n']
Ga2Ni,1,['I4/mmm']
Ga2Ni6,1,['I4/mmm']
Ga2Np,1,['P6/mmm']
Ga2P2,1,['Pmmn']
Ga2P4,1,['Fd-3m']
Ga2Pd2,1,['Imma']
Ga2Pt,1,['I4/mmm']
Ga2Pt2,1,['P4/nmm']
Ga2Pt4,1,['Cmcm']
Ga2Rh,1,['I4/mmm']
Ga2Rh2,1,['Pmmn']
Ga2Sr,1,['P6/mmm']
Ga2Sr2,1,['Imma']
Ga2Sr6,1,['Cmcm']
Ga2Ta,1,['I4/mmm']
Ga2Ta6,1,['Pmmn']
Ga2Th,1,['P6/mmm']
Ga2W,1,['I4/mmm']
Ga2W6,1,['I4/mmm']
Ga32Rh6,1,['Ccce']
Ga3As,1,['Imm2']
Ga3Br,1,['Immm']
Ga3Nb,1,['I4/mmm']
Ga3P,1,['Pm-3m']
Ga3Pb,1,['P4/mmm']
Ga3Pd,1,['Imm2']
Ga3Pt5,1,['Cmmm']
Ga3Sr,1,['Cmmm']
Ga3Th,1,['Pm-3m']
Ga3V,1,['P4/mmm']
Ga3W,1,['P4/mmm']
Ga4As2,1,['I4/mcm']
Ga4In4,1,['P2_13']
Ga4Mn2,1,['Fd-3m']
Ga4Mn8,1,['Pa-3']
Ga4Na,1,['I4/mmm']
Ga4Na2,1,['I4/mcm']
Ga4Nb6,1,['Fdd2']
Ga4P3,1,['I4/mmm']
Ga4Pt4,1,['P2_13']
Ga4Sr,1,['I4/mmm']
Ga4W,1,['I4/mmm']
Ga5Br,1,['Cmmm']
Ga5Br3,1,['Cmmm']
Ga5Nb3,1,['Cmmm']
Ga5P24,1,['I-43m']
Ga5Pt,1,['Amm2']
Ga5Pt24,1,['I-43m']
Ga5Sr,1,['Cmmm']
Ga8Nb4,1,['Pnma']
Ga8Pb,1,['I4/mmm']
GaAs2,1,['I4/mmm']
GaAs3,1,['Imm2']
GaGe,1,['R-3m']
GaK3,1,['Pmm2']
GaMn,1,['Fm-3m']
GaMn5,1,['P4/mmm']
GaMo,1,['P-6m2']
GaMo2,1,['P4/mmm']
GaMo3,1,['Immm']
GaNa2,1,['I4/mmm']
GaNb,1,['R-3m']
GaNb5,1,['Cmmm']
GaNi,1,['Fm-3m']
GaP2,1,['Fm-3m']
GaP4,1,['Im-3m']
GaP7,1,['Fm-3m']
GaPb,1,['P-6m2']
GaPb3,1,['P4/mmm']
GaPb8,1,['I4/mmm']
GaPd,1,['Pm-3m']
GaPt2,1,['I4/mmm']
GaPt3,1,['Pm-3m']
GaPt4,1,['Im-3m']
GaPt5,1,['Cmmm']
GaRb,1,['R-3m']
GaRh3,1,['P4/mmm']
GaSb3,1,['Immm']
GaSr,1,['P-6m2']
GaTa2,1,['I4/mmm']
GaTh3,1,['Pm-3m']
GaU,1,['R-3m']
GaW2,1,['I4/mmm']
GaW3,1,['P4/mmm']
GaW4,1,['I4/mmm']
Ge18P6,1,['Pmmn']
Ge2As4,1,['Pnnm']
Ge2Br,1,['I4/mmm']
Ge2P6,1,['Cmcm']
Ge3As5,1,['Cmmm']
Ge3P,1,['Pmmm']
Ge4As2,1,['Pnnm']
Ge4Br2,1,['I4_1/amd']
Ge4Br5,1,['I4/mmm']
Ge4P12,1,['Pnma']
Ge4P2,1,['C2/m']
Ge5As,1,['Cmmm']
Ge5As3,1,['Cmmm']
Ge5P3,1,['Cmmm']
Ge8Br,1,['I4/mmm']
Ge8I32,1,['Pa-3']
Ge8P4,1,['Pnma']
GeAs2,1,['P4/mmm']
GeAs3,1,['Pmmm']
GeI,1,['Pm-3m']
GeP,1,['P-6m2']
GeP3,1,['Immm']
GeP5,1,['Amm2']
In10Mn6,1,['I4/mcm']
In11Sr3,1,['Immm']
In16Sn4,1,['I-43m']
In24Pt5,1,['I-43m']
In2Ge2,1,['Imma']
In2Ge4,1,['I4/mcm']
In2I2,1,['Cmcm']
In2Mn,1,['I4/mmm']
In2Mn2,1,['I4_1/amd']
In2Mn4,1,['Pnnm']
In2Mn6,1,['I4/mmm']
In2Mo2,1,['Pmma']
In2Na,1,['I4/mmm']
In2Na2,1,['P4/nmm']
In2Nb,1,['Fm-3m']
In2Ni,1,['I4/mmm']
In2P2,1,['Imma']
In2Pb2,1,['P4/nmm']
In2Pd2,1,['P4/nmm']
In2Pt,1,['Fm-3m']
In2Rh,1,['Fm-3m']
In2Sn4,1,['C2/m']
In2Ta,1,['I4/mmm']
In2W,1,['I4/mmm']
In2W4,1,['I4_1/amd']
In3Br3,1,['Cm']
In3K,1,['Cmmm']
In3Mo,1,['Pmm2']
In3Mo5,1,['Cmmm']
In3Ni,1,['Fm-3m']
In3Sm,1,['Pm-3m']
In3Sn,1,['Fm-3m']
In3V,1,['I4/mmm']
In4Br12,1,['Pnma']
In4K,1,['Im-3m']
In4Mn2,1,['Pnnm']
In4Mn4,1,['Pnma']
In4Mo,1,['I4/m']
In4Nb2,1,['I4_1/amd']
In4Pb16,1,['I-43m']
In4Pb2,1,['I4_1/amd']
In4Pt,1,['Im-3m']
In4Rh16,1,['I-43m']
In4Rh3,1,['I4/mmm']
In4W8,1,['Pnma']
In5Mo,1,['Amm2']
In5Sb,1,['P4/mmm']
In5Ta3,1,['Cmmm']
In6Mn18,1,['Pmmn']
In6Rh2,1,['Pm-3n']
InBr,1,['Fm-3m']
InBr5,1,['Amm2']
InGe,1,['P-6m2']
InGe3,1,['Cmmm']
InI,1,['R-3m']
InIr,1,['Fm-3m']
InMn,1,['P4/mmm']
InMn2,1,['I4/mmm']
InMn5,1,['Amm2']
InMo2,1,['I4/mmm']
InMo5,1,['P4/mmm']
InMo8,1,['I4/mmm']
InNa2,1,['P4/mmm']
InNa3,1,['P4/mmm']
InNb2,1,['I4/mmm']
InNi,1,['Fm-3m']
InNi2,1,['I4/mmm']
InPb2,1,['I4/mmm']
InRh4,1,['Im-3m']
InSn,1,['Pm-3m']
InSn2,1,['I4/mmm']
InSn5,1,['Cm']
InSr,1,['Fm-3m']
InTa2,1,['I4/mmm']
InTa4,1,['Im-3m']
InW,1,['P4/mmm']
InYb,1,['P4/mmm']
Ir10Rh6,1,['I4/mcm']
Ir12As17,1,['I-43m']
Ir16Mo14,1,['P4_2/mnm']
Ir16Nb8,1,['Fd-3m']
Ir16Pd8,1,['Fd-3m']
Ir17As12,1,['I-43m']
Ir18Mo6,1,['Pmmn']
Ir18Ta6,1,['Pmmn']
Ir2As4,1,['Fd-3m']
Ir2As6,1,['Pm-3n']
Ir2Mn2,1,['P4/nmm']
Ir2Mn44,1,['Fd-3m']
Ir2Mn6,1,['Pm-3n']
Ir2Mo4,1,['Pnnm']
Ir2Mo6,1,['Cmcm']
Ir2Na,1,['Immm']
Ir2Na4,1,['Cmcm']
Ir2Nb2,1,['Cmme']
Ir2Ni2,1,['Imma']
Ir2Ni4,1,['Cmcm']
Ir2Ni6,1,['Pmmn']
Ir2Pb,1,['I4/mmm']
Ir2Pb4,1,['I4/mcm']
Ir2Rh2,1,['P4/nmm']
Ir2Rh4,1,['I4_1/amd']
Ir2Rh6,1,['I4/mmm']
Ir2Sb2,1,['P4/nmm']
Ir2Ta,1,['Immm']
Ir2Ta6,1,['Pmmn']
Ir2V2,1,['I4_1/amd']
Ir2V4,1,['I4/mcm']
Ir2W4,1,['I4/mcm']
Ir3Br,1,['P4/mmm']
Ir3I,1,['Pm-3m']
Ir3K,1,['Cmmm']
Ir3Mn4,1,['I4/mmm']
Ir3Na,1,['Cmmm']
Ir3P,1,['Pm-3m']
Ir3Pb,1,['Immm']
Ir3Sr,1,['Pm-3m']
Ir3Ta,1,['Pmmm']
Ir3Ta3,1,['Cm']
Ir3Ta5,1,['Cmmm']
Ir4As12,1,['Im-3']
Ir4Mn,1,['Im-3m']
Ir4Mn3,1,['I4/mmm']
Ir4Na2,1,['Pnnm']
Ir4Nb2,1,['Pnnm']
Ir4Nb8,1,['Pa-3']
Ir4Rh,1,['I4/m']
Ir4Sn16,1,['I4_1/acd']
Ir4Ta12,1,['Pnma']
Ir4Ta4,1,['Pnma']
Ir4Ta6,1,['Fdd2']
Ir4Ta8,1,['Pnma']
Ir5As,1,['F-43m']
Ir5Mn,1,['F-43m']
Ir5Na,1,['Amm2']
Ir6Na2,1,['Pmmn']
Ir6Ta18,1,['Pmmn']
Ir6Ta6,1,['Pmma']
Ir6W4,1,['Fdd2']
Ir8Mo22,1,['P4_2/mnm']
Ir8Pd16,1,['Fd-3m']
Ir8Sn,1,['I4/mmm']
IrAs,1,['Fm-3m']
IrAs5,1,['F-43m']
IrBr3,1,['P4/mmm']
IrI,1,['Fm-3m']
IrK,1,['Fm-3m']
IrMn2,1,['I4/mmm']
IrMo,1,['Fm-3m']
IrMo2,1,['Immm']
IrMo3,1,['Cmmm']
IrNb,1,['Fm-3m']
IrNi,1,['Pm-3m']
IrNi2,1,['Immm']
IrP2,1,['Fm-3m']
IrP3,1,['P4/mmm']
IrPb2,1,['I4/mmm']
IrPb3,1,['P4/mmm']
IrPd7,1,['Fm-3m']
IrRh,1,['P4/mmm']
IrRh3,1,['P4/mmm']
IrRh4,1,['I4/m']
IrSm3,1,['I4/mmm']
IrSn,1,['P4/mmm']
IrSn2,1,['I4/mmm']
IrTa,1,['R-3m']
IrTa2,1,['Immm']
IrTa3,1,['Immm']
IrTh,1,['P-6m2']
IrV,1,['P4/mmm']
IrV5,1,['P4/mmm']
IrW4,1,['I4/mmm']
K16Sn8,1,['Fd-3m']
K2As,1,['I4/mmm']
K2As6,1,['I4/mmm']
K2Br4,1,['Pnnm']
K2Ge4,1,['Pnnm']
K2Ge6,1,['Cmcm']
K2Mo,1,['Fmmm']
K2Mo2,1,['Imma']
K2Na,1,['I4/mmm']
K2Na2,1,['I4_1/amd']
K2Na4,1,['Pnnm']
K2Nb,1,['Immm']
K2Nb2,1,['Cmcm']
K2Nb6,1,['Cmcm']
K2Ni2,1,['Imma']
K2P,1,['Immm']
K2Pd,1,['Immm']
K2Pd4,1,['Pnnm']
K2Pd6,1,['Pmmn']
K2Pt,1,['I4/mmm']
K2Pt4,1,['I4/mcm']
K2Sb2,1,['Imma']
K2Sn,1,['I4/mmm']
K2Sn4,1,['I4_1/amd']
K2Sn6,1,['Pm-3n']
K2Sr2,1,['Pmma']
K2Ta,1,['P4/mmm']
K32Ge32,1,['P-43n']
K3As,1,['Fm-3m']
K3P4,1,['I4/mmm']
K3Pd,1,['Immm']
K3Pt,1,['P4/mmm']
K3Sn,1,['Immm']
K3Ta,1,['Cmmm']
K3W,1,['Pm-3m']
K4As2,1,['I4_1/amd']
K4As5,1,['I4/mmm']
K4Ge2,1,['Cmcm']
K4Mo2,1,['Cmcm']
K4Na8,1,['P6_3/mmc']
K4Ni2,1,['Cmcm']
K4P16,1,['I-43m']
K4Pd2,1,['Pnnm']
K4Sn,1,['Im-3m']
K4Sn16,1,['I-43m']
K4Sn2,1,['Pnnm']
K4Sr8,1,['Pnma']
K4Ta2,1,['I4/mcm']
K5As,1,['P4/mmm']
K5Ge,1,['Amm2']
K5Ni,1,['Cmmm']
K5P3,1,['Cmmm']
K5P4,1,['I4/mmm']
K5Sr24,1,['I-43m']
K6Br18,1,['Pmmn']
K6Ge18,1,['Pmmn']
K6Ni4,1,['Fdd2']
K6P2,1,['I4/mmm']
K6Pd2,1,['Cmcm']
K6Rh2,1,['I4/mmm']
K6Sn2,1,['Cmcm']
K8As,1,['I4/mmm']
K8As8,1,['P2_12_12_1']
K8P4,1,['Pnma']
K8Sn4,1,['Pnma']
K8W4,1,['Pa-3']
KAs,1,['P-6m2']
KAs2,1,['I4/mmm']
KAs8,1,['I4/mmm']
KBr,1,['Fm-3m']
KGe,1,['Fm-3m']
KGe2,1,['Immm']
KI,1,['R-3m']
KMn,1,['P-6m2']
KMo3,1,['Pmmm']
KNa2,1,['I4/mmm']
KNb,1,['P-6m2']
KNb3,1,['Immm']
KNi,1,['R-3m']
KNi3,1,['Immm']
KP5,1,['Cmmm']
KPb,1,['P4/mmm']
KPb2,1,['I4/mmm']
KPd3,1,['P4/mmm']
KPd5,1,['Cmmm']
KPt,1,['P4/mmm']
KPt5,1,['P4/mmm']
KRh,1,['P-6m2']
KSb,1,['R-3m']
KSb3,1,['Pmm2']
KSn,1,['P4/mmm']
KSn2,1,['I4/mmm']
KSr5,1,['F-43m']
KV3,1,['Imm2']
KW5,1,['F-43m']
Mn10Sn6,1,['I4/mcm']
Mn12Rh4,1,['Pnma']
Mn12Sb12,1,['Pbcm']
Mn16W4,1,['I-43m']
Mn16W8,1,['Fd-3m']
Mn23Sm6,1,['Fm-3m']
Mn2Ge2,1,['Cmcm']
Mn2Ge6,1,['Cmcm']
Mn2Mo4,1,['I4/mcm']
Mn2Na4,1,['C2/m']
Mn2Nb,1,['I4/mmm']
Mn2Rh,1,['I4/mmm']
Mn2Rh2,1,['P4/nmm']
Mn2Rh4,1,['Cmcm']
Mn2Sb,1,['I4/mmm']
Mn2Sb4,1,['I4_1/amd']
Mn2Sb6,1,['I4/mmm']
Mn2Sn,1,['I4/mmm']
Mn2Sn2,1,['I4_1/amd']
Mn2Sn4,1,['I4/mcm']
Mn2V,1,['I4/mmm']
Mn2V6,1,['I4/mmm']
Mn2W,1,['Fmmm']
Mn2W2,1,['Fd-3m']
Mn2W4,1,['Cmcm']
Mn2W6,1,['Pm-3n']
Mn3Ge,1,['Immm']
Mn3Nb,1,['P4/mmm']
Mn3Ni,1,['Fm-3m']
Mn3Pb,1,['Pm-3m']
Mn3Pd,1,['Pmm2']
Mn3Sr,1,['Pm-3m']
Mn3V,1,['P4/mmm']
Mn3W5,1,['Cmmm']
Mn4Mo5,1,['I4/mmm']
Mn4P2,1,['Pnnm']
Mn4Rh2,1,['Cmcm']
Mn4Sb2,1,['I4_1/amd']
Mn4Sb5,1,['I4/mmm']
Mn4Sb8,1,['Pa-3']
Mn4Sn,1,['I4/m']
Mn4Sn2,1,['P6_3/mmc']
Mn4Ta2,1,['Cmcm']
Mn4Ta3,1,['I4/mmm']
Mn4Ta5,1,['I4/mmm']
Mn4W16,1,['I-43m']
Mn4W2,1,['Cmcm']
Mn5Nb4,1,['I4/mmm']
Mn5Sb,1,['P4/mmm']
Mn5Sb4,1,['I4/mmm']
Mn5V,1,['Amm2']
Mn5W,1,['F-43m']
Mn6Br2,1,['Pmmn']
Mn6P2,1,['Pm-3n']
Mn6Pd2,1,['Cmcm']
Mn6Rh2,1,['Pmmn']
Mn6Sb2,1,['I4/mmm']
Mn6Sn2,1,['I4/mmm']
Mn6Ta10,1,['I4/mcm']
Mn8P16,1,['Fd-3m']
Mn8Sb,1,['I4/mmm']
Mn8Sb4,1,['Pnma']
Mn8W16,1,['Fd-3m']
MnBr2,1,['P-3m1']
MnBr8,1,['I4/mmm']
MnGe3,1,['Immm']
MnMo3,1,['I4/mmm']
MnP,1,['Pm-3m']
MnPt3,1,['P4/mmm']
MnRh,1,['Pm-3m']
MnRh5,1,['Amm2']
MnSb,1,['Fm-3m']
MnSb8,1,['I4/mmm']
MnTa2,1,['Fmmm']
MnV,1,['R-3m']
MnV2,1,['I4/mmm']
MnW5,1,['F-43m']
Mo10Ge6,1,['P6_3/mcm']
Mo10W6,1,['I4/mcm']
Mo12Rh12,1,['Pbcm']
Mo12Ta4,1,['Pnma']
Mo12W4,1,['Pnma']
Mo16Nb8,1,['Fd-3m']
Mo16V4,1,['I-43m']
Mo17Pd12,1,['I-43m']
Mo18Sr6,1,['Pmmn']
Mo18V6,1,['Pmmn']
Mo26Nb2,1,['Fm-3c']
Mo2As,1,['Fmmm']
Mo2Na,1,['I4/mmm']
Mo2Na2,1,['P4/nmm']
Mo2Nb6,1,['Pm-3n']
Mo2Ni6,1,['Pmmn']
Mo2P2,1,['I4_1/amd']
Mo2P4,1,['I4/mcm']
Mo2P6,1,['Pm-3n']
Mo2Pd,1,['Fm-3m']
Mo2Pd26,1,['Fm-3c']
Mo2Rh6,1,['I4/mmm']
Mo2Sn,1,['I4/mmm']
Mo2Sr,1,['I4/mmm']
Mo2Sr4,1,['I4/mcm']
Mo2Ta,1,['I4/mmm']
Mo2Ta2,1,['Cmcm']
Mo2V2,1,['Cmme']
Mo2V6,1,['Cmcm']
Mo2W,1,['I4/mmm']
Mo2W6,1,['I4/mmm']
Mo3Nb13,1,['Amm2']
Mo3Pb,1,['Immm']
Mo3Rh,1,['I4/mmm']
Mo3Sn,1,['P4/mmm']
Mo3Sr,1,['Cmmm']
Mo3Ta,1,['P4/mmm']
Mo4Ge8,1,['Pnma']
Mo4Nb,1,['Im-3m']
Mo4Nb12,1,['Pnma']
Mo4Nb2,1,['I4_1/amd']
Mo4Nb4,1,['P2_13']
Mo4P,1,['Im-3m']
Mo4P4,1,['P2_13']
Mo4Pb2,1,['Cmcm']
Mo4Pb4,1,['Pnma']
Mo4Pb8,1,['Pnma']
Mo4Rh2,1,['Pnnm']
Mo4Rh8,1,['I4_1/amd']
Mo4Ta2,1,['Pnnm']
Mo4V8,1,['Pnma']
Mo4W16,1,['I-43m']
Mo4W2,1,['C2/m']
Mo4W4,1,['Pnma']
Mo5P24,1,['I-43m']
Mo6Rh18,1,['Pmmn']
Mo6Rh2,1,['I4/mmm']
Mo6V2,1,['Cmcm']
Mo6W18,1,['Pmmn']
Mo6W2,1,['Cmcm']
Mo7Nb,1,['Fm-3m']
Mo7P,1,['Fm-3m']
Mo8Nb16,1,['Fd-3m']
Mo8Ni4,1,['Pa-3']
Mo8V16,1,['Fd-3m']
Mo8W,1,['I4/mmm']
MoBr,1,['Cmmm']
MoNb,1,['Pm-3m']
MoNb3,1,['Pm-3m']
MoNb5,1,['Cmmm']
MoNi3,1,['Pm-3m']
MoNp,1,['P-6m2']
MoP5,1,['P4/mmm']
MoPb3,1,['Immm']
MoPb5,1,['Amm2']
MoPd,1,['P4/mmm']
MoPd4,1,['Im-3m']
MoRh,1,['P4/mmm']
MoSm,1,['R-3m']
MoSn,1,['P-6m2']
MoSn2,1,['I4/mmm']
MoSn4,1,['Im-3m']
MoSr,1,['P4/mmm']
MoSr2,1,['I4/mmm']
MoTa2,1,['I4/mmm']
MoTa3,1,['Immm']
MoV,1,['Pm-3m']
MoV3,1,['Fm-3m']
MoV4,1,['I4/mmm']
MoYb,1,['P4/mmm']
Na12P4,1,['Pnma']
Na2P,1,['I4/mmm']
Na2Pb,1,['Immm']
Na2Pd2,1,['Imma']
Na2Pd4,1,['Cmcm']
Na2Pd6,1,['I4/mmm']
Na2Sb2,1,['P4/nmm']
Na2Sn,1,['I4/mmm']
Na2Sn2,1,['Pmma']
Na2Sr2,1,['Fd-3m']
Na3Ge,1,['Pmmm']
Na3Pb,1,['Pm-3m']
Na3Pt,1,['I4/mmm']
Na3Sn,1,['Pm-3m']
Na3V,1,['Pmm2']
Na4P,1,['I4/mmm']
Na4P20,1,['Pnma']
Na4Pb,1,['Im-3m']
Na4Pd,1,['I4/m']
Na4Pd2,1,['Cmcm']
Na4Pt4,1,['P2_13']
Na4Pt5,1,['I4/mmm']
Na4Rh16,1,['I23']
Na4Sr,1,['Im-3m']
Na5Pb,1,['Cmmm']
Na5Pd,1,['P4/mmm']
Na5Pt4,1,['I4/mmm']
Na6Pb2,1,['Pm-3n']
Na6Pd2,1,['I4/mmm']
Na7Pt,1,['Fm-3m']
Na8Pd4,1,['Pnma']
NaBr3,1,['Cmmm']
NaBr5,1,['Cmmm']
NaI,1,['F-43m']
NaNi,1,['P-6m2']
NaPb3,1,['Fm-3m']
NaPb4,1,['Im-3m']
NaPd2,1,['Immm']
NaPd3,1,['Cmmm']
NaPd4,1,['I4/m']
NaPt4,1,['Im-3m']
NaPt5,1,['Cmmm']
NaRh,1,['Pm-3m']
NaSb3,1,['Immm']
NaTa,1,['P4/mmm']
Nb10Ni6,1,['I4/mcm']
Nb10P6,1,['I4/mcm']
Nb24As8,1,['P4_2/n']
Nb2Ni4,1,['I4_1/amd']
Nb2P,1,['I4/mmm']
Nb2P2,1,['P4/nmm']
Nb2P4,1,['I4/mcm']
Nb2Pb,1,['Fmmm']
Nb2Pb2,1,['Cmcm']
Nb2Pt2,1,['Pmma']
Nb2Rh4,1,['I4_1/amd']
Nb2Sr2,1,['Cmcm']
Nb2V,1,['I4/mmm']
Nb2V2,1,['P4/nmm']
Nb2V6,1,['I4/mmm']
Nb2W2,1,['Cmcm']
Nb2W4,1,['Pnnm']
Nb2W6,1,['Pmmn']
Nb3Bi,1,['Fm-3m']
Nb3Br,1,['Pmm2']
Nb3Br5,1,['Cmmm']
Nb3Ni,1,['Fm-3m']
Nb3P,1,['P4/mmm']
Nb3P4,1,['I4/mmm']
Nb3Pb,1,['Pm-3m']
Nb3Sn,1,['Pm-3m']
Nb3V,1,['I4/mmm']
Nb3V4,1,['I4/mmm']
Nb4As5,1,['I4/mmm']
Nb4Br,1,['I4/mmm']
Nb4I16,1,['Cmc2_1']
Nb4Ni,1,['Im-3m']
Nb4Ni2,1,['I4/mcm']
Nb4Pb2,1,['Cmcm']
Nb4Pb4,1,['Pnma']
Nb4Sn,1,['Im-3m']
Nb4Sn8,1,['Fddd']
Nb4Sr16,1,['I-43m']
Nb4Sr2,1,['Cm']
Nb4V,1,['I4/mmm']
Nb4V8,1,['I4_1/amd']
Nb4W4,1,['Pnma']
Nb4W8,1,['Pnma']
Nb5Br3,1,['Cmmm']
Nb5W4,1,['I4/mmm']
Nb6Br4,1,['R-3c']
Nb6Rh2,1,['I4/mmm']
Nb6V10,1,['I4/mcm']
Nb8Br40,1,['Pnma']
Nb8Ni,1,['I4/mmm']
Nb8P,1,['I4/mmm']
NbAs3,1,['P4/mmm']
NbBi3,1,['Pm-3m']
NbI,1,['F-43m']
NbNi,1,['P4/mmm']
NbNi2,1,['I4/mmm']
NbP2,1,['I4/mmm']
NbP3,1,['P4/mmm']
NbPb3,1,['Cmmm']
NbPd2,1,['P4/mmm']
NbPd3,1,['I4/mmm']
NbPt2,1,['Immm']
NbRh3,1,['I4/mmm']
NbSb3,1,['Pmm2']
NbSr3,1,['Immm']
NbU,1,['P4/mmm']
NbV2,1,['I4/mmm']
NbV5,1,['P4/mmm']
Ni10Ge6,1,['C2']
Ni12Sr4,1,['Pnma']
Ni17Br12,1,['I-43m']
Ni24Ta5,1,['I-43m']
Ni2As2,1,['P4/nmm']
Ni2As6,1,['I4/mmm']
Ni2Br6,1,['Pm-3n']
Ni2Ge2,1,['Cmcm']
Ni2Ge6,1,['Pmmn']
Ni2Np2,1,['Pmma']
Ni2P6,1,['I4/mmm']
Ni2Pd,1,['I4/mmm']
Ni2Pt6,1,['P6_3/mmc']
Ni2Rh2,1,['Cmme']
Ni2Sb2,1,['P4/nmm']
Ni2Sn,1,['I4/mmm']
Ni2Sn4,1,['I4_1/amd']
Ni2Sr4,1,['I4/mcm']
Ni2Ta4,1,['Fd-3m']
Ni2Ta6,1,['Pm-3n']
Ni2V,1,['Immm']
Ni2V2,1,['Pmma']
Ni2V4,1,['Cmcm']
Ni2Yb2,1,['Pmma']
Ni3Np,1,['Pm-3m']
Ni3Rh3,1,['Cm']
Ni3Sm,1,['Pm-3m']
Ni3Sr,1,['Cmmm']
Ni3Ta,1,['Fm-3m']
Ni3V,1,['I4/mmm']
Ni3Yb,1,['I4/mmm']
Ni4Ge2,1,['Pnnm']
Ni4Ge4,1,['Pnma']
Ni4Ge5,1,['I4/mmm']
Ni4Pd8,1,['I4_1/amd']
Ni4Rh8,1,['Pnma']
Ni4Sb2,1,['I4_1/amd']
Ni4Sb3,1,['I4/mmm']
Ni4Sr,1,['I4/m']
Ni4Ta,1,['Im-3m']
Ni4Ta16,1,['I-43m']
Ni4Ta4,1,['P2_13']
Ni4Ta6,1,['R-3c']
Ni4Ta8,1,['Pa-3']
Ni4U6,1,['R-3c']
Ni5P,1,['P4/mmm']
Ni5Rh,1,['Pmmm']
Ni5Sb4,1,['I4/mmm']
Ni5Ta,1,['F-43m']
Ni5U,1,['F-43m']
Ni6As4,1,['Fdd2']
Ni6Ge18,1,['Pmmn']
Ni6P2,1,['I4/mmm']
Ni8Ge4,1,['Pnma']
Ni8Pt4,1,['Pnma']
Ni8Ta16,1,['Fd-3m']
NiAs,1,['Fm-3m']
NiBi3,1,['Fm-3m']
NiGe4,1,['I4/mmm']
NiGe5,1,['P4/mmm']
NiP,1,['P-6m2']
NiP3,1,['I4/mmm']
NiP4,1,['I4/mmm']
NiPa,1,['P-6m2']
NiPb3,1,['Pm-3m']
NiPd3,1,['Pm-3m']
NiPt3,1,['Pm-3m']
NiRh5,1,['Pmmm']
NiSb,1,['R-3m']
NiSb2,1,['I4/mmm']
NiSb3,1,['I4/mmm']
NiSn,1,['P-6m2']
NiSn2,1,['I4/mmm']
NiSr,1,['Pm-3m']
NiTa,1,['P-6m2']
NiTa2,1,['Fm-3m']
NiTa4,1,['Im-3m']
NiTa5,1,['F-43m']
NiTa7,1,['Fm-3m']
NiV,1,['P4/mmm']
NiW,1,['P-6m2']
NpPa,1,['P4/mmm']
NpPa3,1,['Pm-3m']
NpPb,1,['F-43m']
NpRh,1,['R-3m']
NpSb,1,['Fm-3m']
NpSm,1,['Pm-3m']
NpSn,1,['P4/mmm']
NpTa,1,['P4/mmm']
NpU,1,['P4/mmm']
P12As17,1,['I-43m']
P12Br12,1,['Pbcm']
P12Br17,1,['I-43m']
P16As8,1,['Fd-3m']
P16Br4,1,['I23']
P17Br12,1,['I-43m']
P24As5,1,['I-43m']
P2As2,1,['Fd-3m']
P2As4,1,['Cmcm']
P2As6,1,['Cmcm']
P2Br2,1,['Pmmn']
P2Br4,1,['Cmcm']
P2Br6,1,['Pm-3n']
P4As,1,['Im-3m']
P4As8,1,['Pa-3']
P4Br16,1,['I-43m']
P4Br2,1,['Cmcm']
P4Br6,1,['Fdd2']
P4Br8,1,['Pa-3']
P5As,1,['F-43m']
P7As,1,['Fm-3m']
P8Br16,1,['Fd-3m']
PAs,1,['Pm-3m']
PAs4,1,['Im-3m']
PAs5,1,['F-43m']
PBr,1,['P-6m2']
PBr3,1,['Fm-3m']
PBr4,1,['Im-3m']
PI,1,['R-3m']
PI3,1,['Pm-3m']
Pa3Bi,1,['Pm-3m']
PaBi,1,['F-43m']
PaGe,1,['F-43m']
PaGe3,1,['Fm-3m']
PaP,1,['Pm-3m']
PaPb,1,['P4/mmm']
PaRh,1,['P4/mmm']
PaSb3,1,['Pm-3m']
PaSn,1,['P4/mmm']
PaSr,1,['R-3m']
Pb16Sr4,1,['I-43m']
Pb16V8,1,['Fd-3m']
Pb24Sr5,1,['I-43m']
Pb24V5,1,['I-43m']
Pb2As2,1,['Imma']
Pb2As6,1,['Pmmn']
Pb2P,1,['I4/mmm']
Pb2P2,1,['P4/nmm']
Pb2P4,1,['I4/mcm']
Pb2P6,1,['Pmmn']
Pb2Sb2,1,['Imma']
Pb2Sb6,1,['Cmcm']
Pb2Sr,1,['P4/mmm']
Pb2Sr4,1,['Fd-3m']
Pb2Ta2,1,['P4/nmm']
Pb2Ta4,1,['I4/mcm']
Pb2V,1,['Fm-3m']
Pb3Sb,1,['Pmmm']
Pb3Ta,1,['I4/mmm']
Pb4As16,1,['I23']
Pb4As2,1,['Pnnm']
Pb4As3,1,['I4/mmm']
Pb4As4,1,['Pnma']
Pb4I8,1,['R-3m']
Pb4P,1,['I4/mmm']
Pb4P2,1,['Cmcm']
Pb4Sb2,1,['I4/mcm']
Pb4Ta2,1,['I4/mcm']
Pb4V,1,['Im-3m']
Pb5As,1,['Cmmm']
Pb5P,1,['Amm2']
Pb5Sb3,1,['Cmmm']
Pb5Sr24,1,['I-43m']
Pb6As18,1,['Pmmn']
Pb6P2,1,['I4/mmm']
Pb6Sb18,1,['Pmmn']
Pb6V2,1,['Pmmn']
Pb7I14,1,['P3m1']
Pb8As4,1,['Pa-3']
Pb8Sb4,1,['Pnma']
PbGe2,1,['I4/mmm']
PbGe3,1,['Fm-3m']
PbGe5,1,['P4/mmm']
PbI2,1,['P-3m1']
PbPt3,1,['Pm-3m']
PbSm,1,['R-3m']
PbSr3,1,['I4/mmm']
PbSr7,1,['Fm-3m']
PbV,1,['F-43m']
PbV3,1,['Fm-3m']
PbV4,1,['Im-3m']
PbYb,1,['P4/mmm']
Pd12Sb4,1,['Pnma']
Pd12Ta18,1,['P4_2/mnm']
Pd16Sb4,1,['I-43m']
Pd16Ta14,1,['P4_2/mnm']
Pd18As6,1,['Pmmn']
Pd20Ta10,1,['P4_2/mnm']
Pd2As4,1,['Cmcm']
Pd2Br,1,['Fmmm']
Pd2Ge4,1,['Imma']
Pd2P,1,['I4/mmm']
Pd2P2,1,['Cmme']
Pd2Rb,1,['I4/mmm']
Pd2Rb2,1,['P4/nmm']
Pd2Rb4,1,['I4/mcm']
Pd2Sb,1,['I4/mmm']
Pd2Sb4,1,['Cmcm']
Pd2Sm2,1,['Cmcm']
Pd2Sn,1,['Immm']
Pd2Sn2,1,['Pmma']
Pd2Sn8,1,['Ccce']
Pd2Ta2,1,['P4/nmm']
Pd2V,1,['Immm']
Pd2V4,1,['Pnnm']
Pd2W4,1,['I4/mcm']
Pd3As,1,['Immm']
Pd3P,1,['P4/mmm']
Pd3Rb,1,['P4/mmm']
Pd3V,1,['Pmmm']
Pd4Ge2,1,['Imma']
Pd4Pt4,1,['Imma']
Pd4Rh,1,['I4/m']
Pd4Rh5,1,['I4/mmm']
Pd4Sb2,1,['I4/mcm']
Pd4Sn12,1,['Cmce']
Pd4Sn4,1,['Pnma']
Pd4Ta2,1,['I4/mcm']
Pd4Ta26,1,['P4_2/mnm']
Pd4V4,1,['Pnma']
Pd4W2,1,['I4/mcm']
Pd5Rb,1,['P4/mmm']
Pd5Rb4,1,['I4/mmm']
Pd5Sn,1,['P4/mmm']
Pd5Sr,1,['P6/mmm']
Pd6Ge4,1,['Fdd2']
Pd6I4,1,['R-3c']
Pd6P2,1,['Cmcm']
Pd6Rh10,1,['I4/mcm']
Pd6Sr2,1,['Cmcm']
Pd6V18,1,['Pmmn']
Pd8Sb4,1,['Cmc2_1']
Pd8Sn16,1,['I4_1/acd']
Pd8Ta22,1,['P4_2/mnm']
Pd8V4,1,['Pnma']
PdAs,1,['Cmmm']
PdBi,1,['Pm-3m']
PdBr,1,['Fm-3m']
PdGe2,1,['Immm']
PdP2,1,['I4/mmm']
PdP3,1,['Cmmm']
PdP8,1,['I4/mmm']
PdPt3,1,['Immm']
PdRb2,1,['P4/mmm']
PdSb3,1,['P4/mmm']
PdSn2,1,['I4/mmm']
PdSn3,1,['Cmmm']
PdSr,1,['R-3m']
PdTa,1,['P4/mmm']
PdTa2,1,['I4/mmm']
PdTa4,1,['I4/mmm']
PdU,1,['P-6m2']
PdV3,1,['Cmmm']
PdW,1,['P4/mmm']
PdW2,1,['Fmmm']
PdW3,1,['Cmmm']
PdYb,1,['P-6m2']
Pt10Sn6,1,['I4/mcm']
Pt16Rb8,1,['Fd-3m']
Pt24Ge16,1,['Pnma']
Pt24W5,1,['I-43m']
Pt2As2,1,['P4/nmm']
Pt2As4,1,['Pnnm']
Pt2Br4,1,['Cmcm']
Pt2P2,1,['Imma']
Pt2Rh,1,['Fm-3m']
Pt2Rh2,1,['I4_1/amd']
Pt2Sb,1,['I4/mmm']
Pt2Th2,1,['Cmcm']
Pt2V,1,['Immm']
Pt2V4,1,['Cmcm']
Pt2W2,1,['Fd-3m']
Pt3As,1,['P4/mmm']
Pt3Bi,1,['I4/mmm']
Pt3Rh,1,['P4/mmm']
Pt3Sb,1,['P4/mmm']
Pt3V5,1,['Cmmm']
Pt4As8,1,['Pa-3']
Pt4Rb16,1,['I-43m']
Pt4Rh8,1,['Pa-3']
Pt4Sr2,1,['Cmcm']
Pt4V12,1,['Pnma']
Pt4V2,1,['Cmcm']
Pt4V8,1,['Pnma']
Pt5V,1,['F-43m']
Pt6Br4,1,['R-3c']
Pt6Sn2,1,['I4/mmm']
Pt6V2,1,['Pm-3n']
Pt7Sb,1,['Fm-3m']
Pt8Sn4,1,['I4_1/amd']
Pt8Sr16,1,['Fd-3m']
Pt8V,1,['I4/mmm']
PtBi,1,['Fm-3m']
PtBi3,1,['Pm-3m']
PtBr5,1,['Amm2']
PtGe,1,['Fm-3m']
PtGe3,1,['Cmmm']
PtP3,1,['Pmmm']
PtRb3,1,['Pm-3m']
PtRb5,1,['F-43m']
PtRh,1,['R-3m']
PtRh3,1,['P4/mmm']
PtRh7,1,['Fm-3m']
PtSb,1,['P4/mmm']
PtSb3,1,['P4/mmm']
PtSr,1,['Fm-3m']
PtV,1,['F-43m']
PtV2,1,['Fmmm']
PtV5,1,['F-43m']
PtW,1,['Pm-3m']
PtW2,1,['Fmmm']
PtW3,1,['Fm-3m']
Rb2Sb4,1,['C2/m']
RbBi,1,['F-43m']
RbI,1,['R-3m']
RbRh,1,['P-6m2']
RbSm,1,['F-43m']
RbSn,1,['P-6m2']
RbSr,1,['P-6m2']
RbTh,1,['P-6m2']
RbV,1,['P-6m2']
Rh2As,1,['Fm-3m']
Rh2As4,1,['Cmcm']
Rh2As6,1,['Pm-3n']
Rh2Sb2,1,['Cmme']
Rh2Sb4,1,['Fd-3m']
Rh2Sr2,1,['P4/nmm']
Rh2Ta4,1,['I4/mcm']
Rh3Ge,1,['Fm-3m']
Rh3P,1,['Pm-3m']
Rh3Sr,1,['P4/mmm']
Rh4As12,1,['Im-3']
Rh4Ge2,1,['Cmcm']
Rh4Sm2,1,['Fd-3m']
Rh4Sr2,1,['Cmcm']
Rh5As,1,['F-43m']
Rh5W3,1,['Cmmm']
Rh6P4,1,['Fdd2']
Rh6Sb2,1,['Cmcm']
Rh6Sb4,1,['Fdd2']
Rh6W2,1,['P6_3/mmc']
Rh6W4,1,['Fdd2']
RhBi,1,['P-6m2']
RhGe2,1,['Fm-3m']
RhGe3,1,['Imm2']
RhSr,1,['F-43m']
RhSr2,1,['I4/mmm']
RhSr8,1,['I4/mmm']
RhTa,1,['F-43m']
RhTh,1,['P4/mmm']
RhW3,1,['Imm2']
RhW4,1,['I4/mmm']
Sb2As4,1,['Pnnm']
Sb2Br,1,['I4/mmm']
Sb2P,1,['I4/mmm']
Sb3Ge5,1,['Cmmm']
Sb4Br12,1,['Pnma']
Sb8P4,1,['Pa-3']
SbGe2,1,['I4/mmm']
SbI,1,['Fm-3m']
SbP2,1,['I4/mmm']
Sm3W,1,['I4/mmm']
Sm4Sb8,1,['Cmce']
SmBi,1,['P-6m2']
SmGe5,1,['Immm']
SmI3,1,['Pm-3m']
SmP,1,['F-43m']
SmSr,1,['P-6m2']
SmTa,1,['P-6m2']
SmTh,1,['P4/mmm']
SmYb,1,['P-6m2']
SmYb3,1,['Pm-3m']
Sn12Sb17,1,['I-43m']
Sn17P12,1,['I-43m']
Sn18W6,1,['Pmmn']
Sn2Br4,1,['Fd-3m']
Sn2Ta,1,['I4/mmm']
Sn2Ta6,1,['Pm-3n']
Sn3As,1,['Pm-3m']
Sn3Br,1,['P4/mmm']
Sn3Sb,1,['Immm']
Sn3V,1,['Cmmm']
Sn4Br4,1,['P2_13']
Sn4Br8,1,['Pa-3']
Sn4P,1,['Im-3m']
Sn4W,1,['I4/m']
Sn4W8,1,['Pnma']
Sn5W,1,['Amm2']
Sn6Sb2,1,['Pm-3n']
Sn6W10,1,['I4/mcm']
Sn6W2,1,['Pmmn']
Sn6W4,1,['Fdd2']
Sn8I32,1,['Pa-3']
Sn8W4,1,['I4_1/amd']
SnBr3,1,['Fm-3m']
SnBr4,1,['Im-3m']
SnGe4,1,['Im-3m']
SnP4,1,['Im-3m']
SnSb3,1,['Fm-3m']
SnTa,1,['F-43m']
SnTa3,1,['P4/mmm']
SnTh,1,['P-6m2']
SnV,1,['F-43m']
SnW2,1,['I4/mmm']
SnW4,1,['I4/mmm']
SnYb3,1,['Pm-3m']
Sr16W4,1,['I-43m']
Sr2As,1,['I4/mmm']
Sr2As4,1,['Pnnm']
Sr2Br,1,['Fmmm']
Sr2Br6,1,['Pmmn']
Sr2W,1,['Fmmm']
Sr2W2,1,['Fd-3m']
Sr3Br,1,['Immm']
Sr3Sb,1,['Immm']
Sr3Ta,1,['I4/mmm']
Sr4As2,1,['Pnnm']
Sr4Bi2,1,['I4/mmm']
Sr4Br,1,['Im-3m']
Sr4Br2,1,['Cmcm']
Sr4Br8,1,['Pnma']
Sr4V2,1,['Cmcm']
Sr6Br18,1,['Pmmn']
Sr6Br4,1,['R-3c']
Sr8Bi12,1,['Pnna']
Sr8Bi6,1,['I-43d']
Sr8Br16,1,['Fd-3m']
Sr8W4,1,['Pa-3']
SrAs2,1,['Fmmm']
SrAs3,1,['Pm-3m']
SrAs4,1,['I4/m']
SrSb,1,['F-43m']
SrTh,1,['P-6m2']
SrV,1,['P-6m2']
SrW,1,['Pm-3m']
SrW2,1,['Fm-3m']
SrW3,1,['Pm-3m']
SrW4,1,['Im-3m']
Ta10Ge6,1,['I4/mcm']
Ta12As12,1,['Pbcm']
Ta12V4,1,['Pnma']
Ta2Ge,1,['I4/mmm']
Ta2Ge4,1,['I4_1/amd']
Ta2Ge6,1,['I4/mmm']
Ta2P,1,['I4/mmm']
Ta2P2,1,['P4/nmm']
Ta2P4,1,['I4/mcm']
Ta2P6,1,['I4/mmm']
Ta2Sb4,1,['Cmcm']
Ta2V4,1,['Cmcm']
Ta3Ge,1,['P4/mmm']
Ta3Sb,1,['P4/mmm']
Ta3Sb5,1,['Cmmm']
Ta3V,1,['Cmmm']
Ta4Ge2,1,['I4_1/amd']
Ta4Sb8,1,['Pnma']
Ta4V12,1,['Pnma']
Ta4V6,1,['Fdd2']
Ta5Br4,1,['I4/mmm']
Ta5Sb4,1,['I4/m']
Ta5V,1,['Cmmm']
TaBi,1,['F-43m']
TaGe2,1,['I4/mmm']
TaGe4,1,['I4/m']
TaGe5,1,['Cmmm']
TaP,1,['Pm-3m']
TaP2,1,['I4/mmm']
TaP5,1,['P4/mmm']
TaSb4,1,['I4/mmm']
TaSb8,1,['I4/mmm']
TaV,1,['P-6m2']
TaV2,1,['Fmmm']
TaV3,1,['Fm-3m']
TaV5,1,['Cmmm']
TaW3,1,['I4/mmm']
TaYb,1,['F-43m']
Th6Bi8,1,['I-43d']
Th6Ge4,1,['P4/mbm']
ThBr,1,['F-43m']
ThGe,1,['R-3m']
ThI,1,['Fm-3m']
UBi,1,['F-43m']
UBr,1,['Fm-3m']
UGe,1,['R-3m']
UI,1,['Fm-3m']
UP,1,['Fm-3m']
USb,1,['P-6m2']
V10W6,1,['I4/mcm']
V12As4,1,['Pnma']
V12W4,1,['Pnma']
V16P8,1,['Fd-3m']
V18Sb6,1,['Pmmn']
V18W6,1,['Pmmn']
V26W2,1,['Fm-3c']
V2Br,1,['I4/mmm']
V2Br4,1,['I4_1/amd']
V2Ge,1,['I4/mmm']
V2Ge2,1,['P4/nmm']
V2Sb2,1,['Pmmn']
V2W2,1,['Cmcm']
V3P,1,['Pm-3m']
V3Sb,1,['Immm']
V3W,1,['P4/mmm']
V4As2,1,['Cmcm']
V4Br2,1,['I4_1/amd']
V4P,1,['Im-3m']
V4P4,1,['P2_13']
V4W3,1,['I4/mmm']
V4W4,1,['Pnma']
V4W8,1,['Pa-3']
V6W18,1,['Pmmn']
V6W2,1,['I4/mmm']
V8As16,1,['Fd-3m']
V8As4,1,['Pa-3']
V8W4,1,['Pnma']
VAs,1,['F-43m']
VAs5,1,['Amm2']
VAs7,1,['Fm-3m']
VBr2,1,['I4/mmm']
VBr5,1,['Cmmm']
VGe3,1,['P4/mmm']
VP3,1,['Pm-3m']
VP4,1,['Im-3m']
VSb,1,['P-6m2']
VW3,1,['P4/mmm']
VW5,1,['F-43m']
VW7,1,['Fm-3m']
W16Sb4,1,['I23']
W24P5,1,['I-43m']
W2As2,1,['P4/nmm']
W2As4,1,['Cmcm']
W2P,1,['I4/mmm']
W2P2,1,['I4_1/amd']
W2Sb2,1,['Fd-3m']
W3As,1,['P4/mmm']
W3P,1,['I4/mmm']
W4P3,1,['I4/mmm']
W4Sb16,1,['I-43m']
W5As,1,['Cmmm']
W5P,1,['F-43m']
W5Sb24,1,['I-43m']
W6As10,1,['I4cm']
W8Br,1,['I4/mmm']
W8Sb16,1,['Fd-3m']
WBr2,1,['I4/mmm']
WP3,1,['Fm-3m']
WSb3,1,['Pm-3m']
WSb4,1,['Im-3m']
YbBi,1,['F-43m']
YbBr,1,['Fm-3m']
YbGe,1,['P4/mmm']
YbP,1,['R-3m']
